연번,제목,본문
1,국가공무원 채용시험을 준비하는 수험생들이 참고할 만한 공직 안내서가 있나요?,"인사혁신처에서는 공무원 채용시험의 출제 절차, 합격 후 임용까지의 절차, 승진·보수·복무와 같은 각종 공무원 인사제도 등 수험생들이 궁금해하는 공직에 대한 전반적인 안내를 위해 <공무원 시험 수험생을 위한 공직 안내서>를 발간하였습니다. 첨부된 자료를 참고하시기 바랍니다."
2,[합격자 알림서비스] 국민비서 국가공무원 합격자 알림서비스 신청은 어떻게 하나요?,"국민비서 홈페이지에서 ""국가공무원 공개경쟁채용시험"" 알림서비스를 신청(하단이미지 참조) 하시면 국가공무원 채용시험 합격자분들에 한하여 합격자 알림서비스가 제공됩니다.  ※ 국민비서 국가공무원 채용시험 합격자 알림서비스 신청을 원하시는 수험생분들께서는 아래 사이트에서 알림서비스 가입을 진행하시기 바랍니다."
3,[가산대상 자격증] 직렬별 가산대상 자격증 종류는 어디서 확인할 수 있나요?,"직렬별 가산대상 자격증의 종류는 ""공무원임용시험령"" 별표11, 12에서 확인할 수 있습니다."
4,원서접수시 따로 유의해야 할 사항들이 있을까요? ,"응시수수료까지 결제했는데 응시원서가 제대로 접수된게 맞는지 불안하시죠? [국가공무원채용시스템]-[원서접수]-[응시원서 확인] 화면에서 결제여부가 ‘결제완료’라고 표기되어 있다면응시원서가 제대로 접수된 것이니 안심하셔도 됩니다. 참고로 접수기간이 종료된 후에는 어떠한 경우에도 추가 접수가 불가능할 뿐만 아니라응시직렬, 응시지역, 선택과목, 지방인재 여부 등에 대한 수정 또한 불가능하니 원서접수 시에 신중하게 선택해 주시기 바랍니다."
5,친구랑 동시에 접수하면 수험번호가 앞·뒤로 배치되나요?,응시원서 취소기간이 종료되고 원서접수를 한 총인원이 확정되면 수험생 개개인에게 응시번호를 부여합니다. 응시번호는 부정행위를 방지하는 차원에서 전산을 통해 무작위로 부여되기 때문에 친구와 연달아 원서를 접수했더라도 응시번호를 연속으로 부여받을 가능성은 없습니다.
6,원서접수 이후에 개명이 될 것 같은데 어떻게 해야 할까요?,"1. 원서접수 전에 개명을 했고 주민등록에도 새 성명을 사용하고 있으면 원서제출을 새 성명으로 할 수 있습니다. * 2019년 7월부터 국가공무원채용시스템의 회원정보 중 성명 직접 변경 가능   마이페이지 > 개인정보수정 메뉴에서 맨 아래의 [개명신청]을 클릭하면 됩니다.   ** 주민등록번호가 변경된 경우에는 국가공무원채용시스템 콜센터(1800-6634)로 전화주시기 바랍니다.   2. 원서제출에 사용하는 성명은 주민등록에 있는 성명을 사용합니다. 개명에 관한 법원의 결정통지를 받았다고 하더라도 개명신고(법원 전자가족관계등록시스템 또는 시(구)·읍·면에 신고)를 하지 않아 주민등록에 새 성명으로 개명되지 않았다면 이전 성명을 원서에 사용해야 합니다.   * 원서작성 단계에서 실명확인을 거침  3. 원서제출 이후에 개명신고가 처리된 경우 유의사항   가. 필기시험장에는 새 신분증(주민등록증 또는 주민등록증 발급신청 확인서)과 성명정정을 확인할 수 있는 주민등록초본을    지참하셔야 합니다.   * 시험 중 본인확인 시간에 감독관에게 개명했다고 말씀하시고 초본을 제시하면 됩니다.   나. 합격자 발표 이후 합격자의 성명을 정정할 수 있습니다.  * 홈페이지 > 시험통계/자료실 > 증명/서식에서 ""응시원서 기재사항 정정신청서""를 내려 받아   홈페이지 > 마이페이지 > 증빙서류 제출 페이지에 등록    * 성명 또는 주민등록번호 변경 여부는 담당자가 행정정보 공동이용(주민등록초본)으로 확인한 후 처리하고 있습니다.  담당자의 주민등록초본 열람을 원하지 않으시면, 서식 중 ""부동의""를 선택하시고 이 신청서와 주민등록초본을  등기우편으로 발송해 주시기 바랍니다. (홈페이지 하단 주소 참조)  ** 유의사항 **   합격자 발표 이후 면접시험일까지도 시험장에서 사용하는 응시자관리표 등에는 성명정정이 반영되지 않을 수 있습니다. 이 경우에 대비하여 면접시험 등 최종시험까지는 시험장에 새 신분증 외에 주민등록초본을 반드시 지참하시기 바랍니다."
7,저소득·장애인 구분모집 증빙서류는 언제까지 제출해야하나요?,"수험생이 저소득층 구분모집 또는 장애인 구분모집에 적합한 응시대상자인지 저희 인사혁신처가 직접 보건복지부, 국가보훈처, 관할 시·군·구청 등의 관계기관에서 조회·확인하고 있습니다. 원서접수 시에 이름과 주민번호를 정확하게 입력하셨다면 별도의 증빙서류를 제출하실 필요는 없습니다.(저소득층 구분모집 합격자 중 응시자격 요건 기간 내에 군복무 또는 교환학생으로 인하여 중단사유가 있는 합격자의 경우는 제외)  다만, 관계기관 조회ㆍ확인이 되지 않을 경우 수험생 본인에게 별도로 연락할 예정이며 이 경우 인사혁신처에서 안내한 기간 내에 안내한 서류(장애인증명서, 수급자증명서, 한부모가족증명서, 사회보장급여결정통지서 등)에 대하여 꼭 제출하셔야 합격이 취소되지 않으니 참고하시기 바랍니다."
8,경쟁률은 언제 발표되나요?,"2025년도부터 원서접수 결과는 1일 단위 원서접수 결과를 공개하고 있으며, 최종 결과는 원서접수 마감 다음날 국가공무원채용시스템 등을 통해 공개합니다."
9,시험장소 선택이 가능한가요? 거주지와 달라도 상관이 없나요?,"먼저 필기시험 지역은 17개 시·도로 구성되고 있습니다.([시험공고/공지사항]-'2019년도 국가공무원 7급 공채 필기시험 시도별 시험장소 예정지 안내' 게시물 참고)  응시원서 접수를 할 때, 주민등록지 및 현재 거주지 등과 관계없이 17개 시·도 가운데 원하는 지역을 선택할 수 있어요.  다만, 지역 내 시험장(일선 중·고등학교)의 경우 모집단위별로 무작위로 부여된 응시번호에 따라 배정되기 때문에수험생이 시험장까지 선택하거나 변경할 수는 없어요. 공정한 시험 운영을 위한 배정방식인 만큼 수험생 한명 한명의 거주지를 고려할 수 없는 부분을 이해해 주시면 감사드리겠습니다!"
10,9급 공채 지역구분모집 응시요건은 어떻게 되나요?,"우선 국가공무원 지역구분모집에 최종 합격하실 경우 해당 지역에 소재한 중앙행정기관의 소속기관에 임용되고, 5년 이내 다른 지역 또는 타 기관으로의 전보가 금지됩니다. 2022년도 국가공무원 지역구분모집은 원서접수일이나 필기시험일과는 관계없이 2022.1.1.을 반드시 포함하여 1월 1일 전 또는 후로 연속하여 3개월 이상 해당 지역에 주민등록이 되어있어야 응시할 수 있습니다. 단, 서울·인천·경기지역은 주민등록지와 관계없이 누구나 응시할 수 있습니다. 참고로 국가공무원 지역구분모집의 응시요건과 지방공무원 시험의 거주지 제한요건이 다르니 이 점 꼭 유의하시기 바랍니다."
11,접수증 및 응시표 출력은 언제부터 가능한가요?,"접수증은 원서접수 취소 마감일 18시 부터, 응시표는 시험장소 공고일로부터 시험일이 속한 연도의 말까지 언제든지 출력하실 수 있어요. [국가공무원채용시스템]-[마이페이지]-[원서접수 내역]에서 '접수증 출력, 응시표 출력' 버튼을 눌러주세요!"
12,가산점 등록기간은 언제인가요? 증빙서류를 제출해야되나요?,"7급 공채시험에서 가산점을 받고자 하는 자는 제1차시험 시행(가산대상 자격증은 제2차시험)'전일'까지 가산점 대상 자격을 취득했다면 가산점 등록기간 내(제1차시험(가산대상 자격증은 제2차시험) 시행일을 포함한 3일),9급 공채시험에서 가산점을 받고자 하는 자는 필기시험 시행'전일'까지 가산점 대상 자격을 취득했다면 가산점 등록기간 내(필기시험 시행일을 포함한 3일),국가공무원채용시스템에 가산점을 등록해야 합니다.  수험생이 입력한 내용을 토대로 저희 인사혁신처가 관계기관에 직접 가산점 부여요건을 조회·확인하기 때문에별도의 증빙서류를 제출하실 필요는 없습니다."
13,원서접수 사진! 어떤 사진을 사용해야 하나요?,"시험 당일, 응시원서 상의 사진과 실물이 많이 달라서 본인 확인이 어려울 경우에는시험시간 중 또는 종료 후, 양쪽 엄지손가락의 지문 날인과 신분확인용 개인정보 제공동의서 등을 작성하게 되어소중한 시험시간을 허비하거나 번거로운 일이 생길 수도 있습니다.  때문에 수험생의 소중한 시험시간을 보장하기 위해서 단색 배경의 이마와 귀를 가리지 않은 6개월 이내의 사진(JPG, PNG)을 권장하고 있습니다.  다만 이미 찍어두신 사진으로 본인 식별이 명확하게 가능하다면 권장사항들을 엄격하게 갖추지 않아도 해당 사진을 사용하셔도 됩니다! * 이 경우에는 이마와, 귀를 가린 사진도 사용 가능  참고로 원서접수 시에 등록하신 사진은 접수 취소기간까지만 수정이 가능하고 이후에는 면접시험까지 그대로 사용되니 유의해주세요!  * 군복 등 제복착용 , 90도 누운 사진, 희미한 사진(역광 포함), 얼굴 일부만 보이거나 전혀 안 보이는 사진,  상반신 전체를 사용하여 얼굴이 너무 작은 사진, 신분증을 재촬영하여 사용한 사진, 좌우로 몸을 돌린 사진,  한 방향만 축소한 사진 등은 사용할 수 없습니다."
14,[군 미필자 입영 연기] 채용시험 합격 후 부처배치 및 임용절차가 진행 중인데 징집통지서를 받았어요. 입영기일을 연기하려면 어떻게 해야 하나요?,공무원 채용시험 합격자가 징집 또는 소집통지서 수령 후 입영연기를 원할 경우에는 「병역법시행령」제129조제1항제8호에 따라통지서를 발부한 지방병무청에 입영기일 연기신청을 해야 합니다. 이 때 입영연기 가능기간은 최대 2년입니다. 기타 자세한 사항은 각 지방병무청 현역입영과(현역대상) 또는 사회복무과(보충역)로 문의하시기 바랍니다.
15,[임용 전 재직기관의 사직문제] 현재 직장에 다니고 있습니다. 공무원임용을 위해 현재의 직장에 언제 사표를 제출해야 하나요?,"부처에 추천된 후 곧바로 임용이 된다면 별다른 문제가 없겠으나, 경우에 따라서는 상당기간 대기하는 경우도 있습니다. 배치받은 부처에서 임용일을 통보받은 후 그 임용일 전일(임용전 교육훈련 시작 전일)까지 사표가 수리될 수 있도록 조치하시면 됩니다. 임용전 교육훈련 및 실무수습을 받는 경우 채용후보자는 성실히 교육(수습)에 임하여 할 의무가 있으므로수습기관장과 충분히 상의를 하신 후 시기를 결정하셔야 합니다.부처에 추천된 후 곧바로 임용이 된다면 별다른 문제가 없겠으나, 경우에 따라서는 상당기간 대기하는 경우도 있습니다. 배치받은 부처에서 임용일을 통보받은 후 그 임용일 전일(임용전 교육훈련 시작 전일)까지 사표가 수리될 수 있도록 조치하시면 됩니다. 임용전 교육훈련 및 실무수습을 받는 경우 채용후보자는 성실히 교육(수습)에 임하여 할 의무가 있으므로수습기관장과 충분히 상의를 하신 후 시기를 결정하셔야 합니다."
16,[신규자 교육훈련] 7급공채 합격자입니다. 임용받기 전에 신규자 교육이 있다던데 일정이 어떻게 됩니까?,각 부처별 공무원 신규임용 시기가 부정기적인 결원 발생에 따라 결정되기 때문에통상 7․9급 신규자 교육은 각 부처의 교육훈련계획에 따라 각기 다르게 시행되고 있습니다. 그러므로 신규자 교육에 대한 자세한 일정 등은 배치된 부처의 인사담당자에게 직접 문의하시기 바랍니다.
17,[교육수료 후 부처배정] 5급 공채시험 합격자는 국가공무원인재개발원의 신임관리자과정 수료 후 부처배치를 받게 되는데 개인희망에 따라 부처가 결정되는 것인가요?,"5급 공채 합격자의 부처배치는 각 부처에서 정한 부처별 인재선택기준(필기시험 성적, 교육성적, 업무적합성 등)에 따라해당부처 지원자를 평가하여 그 평가점수가 높은 순서대로 배치가 결정되며, 이러한 맞춤형 부처 배치를 통해 부처가 결정되지 않은 사람은 채용후보자 명부 등록번호순으로 부처가 결정됩니다. 따라서 평가결과에 따라 본인이 희망하는 부처에 배치되지 못할 수 있습니다."
18,[부처 배정] 7급 일반행정직을 합격해서 국민권익위에서 근무하고 싶습니다. 최종 합격자의 부처 배치는 어떻게 결정되는지요?,"인사혁신처는 2013년부터 부처 특성에 맞는 인재 수요를 충족하기 위해 「부처 맞춤형 충원시스템」을 통해 부처 배정을 하고 있습니다. 7급 공채시험의 일반행정직 최종 합격자는 인사혁신처가 안내하는 기간 내에 사전 공지한 ‘부처별 인재 선택기준’ 및 ‘부처별 배정인원’ 등을 참고하여부처희망원(최대 3지망까지 지원 가능), 자기소개서 및 기타 필요한 증빙서류를 제출해야 합니다. 본인이 희망하는 부처에서 자기소개서 등을 평가한 점수와 필기시험 점수(표준점수)을 합산하여그 점수가 높은 사람이 우선적으로 그 부처에 배치되는 방식입니다. 만약, 이러한 절차를 통해 희망했던 부처에 배정이 안 되신 분은 채용후보자 명부 등록번호 순으로 부처가 결정됩니다. 참고로 국가공무원채용시스템의 ‘시험안내-시험공고/공지사항’에 들어가시면 전년도 합격자의 부처배치 기준, 부처별 인재 선택기준 등이 게재되어 있으므로참조하시기 바랍니다. 물론 이러한 사항은 연도 단위로 달라질 수 있다는 점을 유의하시기 바랍니다."
19,"[군 장학생 출신 장교, 대학생 군사훈련과정을 이수한 단기복무장교] 제가 군 장학생 신분으로 졸업 후 7년간 장교로 복무해야 하는데, 군 입대 전에 7급을 합격하고 군 복무를 사유로 7년간 임용유예를 할 수 있는지요?","대학교 재학 중에 군에서 장학금을 받고 졸업 후 일정기간 장교 또는 부사관으로 복무하는 군 장학생의 복무기간은채용후보자 명부 유효기간(2년) 계산에 포함되므로 임용유예는 채용후보자 명부의 유효기간(2년) 범위 내에서만 가능합니다. 따라서 군 장학생 출신장교의 잔여 복무기간이 2년을 초과하는 경우에는 7급 시험 합격의 효력은 상실될 수 있습니다. 그러나, 대학생 군사훈련 과정을 이수한 단기 복무장교의 경우에는 「국가공무원법」제38조에 따라해당 의무 복무기간(3년)은 공무원 채용후보자 명부의 유효기간 계산에서 제외됩니다."
20,"[임용유예기간 중 휴학 가능여부] 학업을 이유로 임용유예를 허가 받았는데, 이 기간 중 개인적 사정으로 휴학을 할 수 있는지 궁금합니다.",임용유예는 정부 인력운영의 예외로 공무원임용령 제13조의2에서 정한 특정 사유에 해당하는 경우임용권자가 제한적으로 임용유예를 승인하고 있습니다. 임용유예 사유 중 ‘학업을 계속하는 경우’는 임용유예 신청 당시의 학업을 중단없이 계속하여 진행하는 것을 의미합니다. 따라서 임용유예 기간 중에 유예사유가 되었던 학업을 마치지 않고 휴학을 하는 것은 임용유예 사유의 소멸로 판단될 수 있음을 알려드립니다.
21,[직업군인의 임용유예 가능여부] 현재 부사관으로 군 복무 중입니다. 올해 7급을 합격하고 남은 복무기간 5년 동안 임용유예가 가능하나요?,"부사관 등의 직업군인이 「군인사법」에 의한 군 복무를 이유로 임용유예를 신청한 경우,임용권자가 관계법령(공무원임용령 제13조의2)과 기관 인력운영 상황 등을 고려하여 승인여부를 최종 결정합니다. 다만, 귀하의 경우는 임용권자로부터 채용후보자 명부의 유효기간(2년) 범위 내에서 임용유예를 승인받는다 하더라도여전히 잔여 군 복무기간이 있으므로 공무원임용령 제14조제1항에 의거 채용후보자 명부의 효력이 상실되어 공무원으로 임용될 수 없습니다."
22,[임용유예 기간] 7·9급공채 합격자로서 4년제 대학에서 2학년을 마친 상태에서 휴학 중입니다. 학교를 졸업하려면 2년을 더 다녀야 하는데 임용유예가 가능한지요? 1년을 더 연장하는 경우도 있다고 하던데요?,"7급 및 9급 채용후보자는 채용후보자 명부 유효기간인 2년의 범위 내에서 임용유예를 신청할 수 있습니다.따라서 채용후보자 등록 후 2년의 범위 내에서 학업을 마치고 임용에 응하시면 됩니다. 만약, 임용에 불응할 경우 채용후보자의 자격이 상실됩니다.채용후보자 명부의 유효기간을 필요에 따라 시험실시기관장이 1년 연장할 수 있지만, 개별 수험생의 신청에 따라 연장되는 것은 아닙니다."
23,"[최종합격 후 대학원 진학] 5급 공채시험에 최종 합격했는데, 개인발전을 위해 임용유예를 하고 대학원에 진학하려고 합니다. 가능한가요?",최종 합격 후 대학원 진학 등 새로이 학업을 시작하는 경우는 “학업의 계속” 사유에 해당된다고 볼 수 없으므로 임용유예 승인이 어렵습니다. 또한 현재 대학원 재학 중인 경우에 있어서도 임용유예가 허용되지 않습니다.
24,[야간대학 재학시 임용유예] 현재 야간대학(대학원)에 다니고 있습니다. 임용유예가 가능합니까?,임용유예는 최소한의 범위 내에서 허가되는 사항으로 야간 대학(대학원)의 수업은 근무와 병행이 가능함으로 임용유예가 허용되지 않습니다.
25,[신체검사서] 5개월 전에 채용신체검사를 받은 적이 있는데 그 결과를 제출해도 되는지요?,채용신체검사서의 유효기간은 1년입니다. 따라서 제출일로부터 1년 이내에 받은 신체검사서라면 제출하셔도 무방합니다.
26,[채용후보자 명부 등록순서] 시험성적순에 따라 채용후보자 명부에 등록되는 것으로 알고 있습니다. 이 때 시험성적은 가산점이 포함된 성적인가요? 또 국가유공자나 장애인이 우선적으로 임용되는 제도가 있습니까?,"채용후보자 명부의 등록번호는 필기시험(5급공채의 경우는 2차시험) 성적순에 의해 부여되고, 이 때의 성적은 가산점이 모두 포함된 성적입니다. 각 부처에서 임용을 할 때에는 채용후보자 명부 등록번호 순위, 임용예정지역 및 개인의 희망 등의 여러 가지 요소를 고려하여임용 및 인사발령을 하지만, 가장 우선되는 기준은 역시 채용후보자 등록번호 순위입니다. 공무원임용령 등 인사관계법령에 국가유공자나 장애인을 우선적으로 임용해야 한다는 규정은 없습니다."
27,[임용유예 미승인] 법령에 나열되어 있는 임용유예 사유에 해당한다면 무조건 임용유예가 가능한 것인지 궁금합니다. ,"인사혁신처에서 매 연도마다 선발하는 공개경쟁채용시험 합격인원은 정부기관의 인력수급계획에 따른 것으로,최종 합격자가 학업의 계속, 질병, 기타 부득이한 사유로 임용이 어려워 임용유예를 신청했다 하더라도정부 인력운용 사정(부처배치 받은 해당 기관)이 여의치 않을 경우에는 임용유예 신청이 받아들여지지 않을 수 있습니다."
28,"[채용후보자 등록서류 성명 불일치] 등록서류를 떼어보니, 주민등록상의 이름과 가족관계등록부(가족관계증명서 또는 기본증명서)의 이름이 서로 다릅니다. 이런 경우 어떻게 해야 하나요?","원서접수 후에 성명 또는 주민등록번호가 변경된 합격자는 시험통계/자료실 -> 증명/서식에서 ""응시원서 기재사항 정정신청서""를 작성한 후 스캔파일을 제출하시면, 합격자 명부에 반영해드립니다. * 마이페이지 > ""증빙서류 제출"" 메뉴 이용  * 성명 또는 주민등록번호 변경 여부는 담당자가 행정정보 공동이용(주민등록초본)으로 확인한 후     처리하고 있습니다. 담당자의 주민등록초본 열람을 원하지 않으시면, 서식 중 ""부동의""를 선택하시고     이 신청서와 주민등록초본을 등기우편으로 발송해주시기 바랍니다. (홈페이지 하단 주소 참조)"
29,[채용후보자 대리등록] 제가 해외에 체류 중인 관계로 채용후보자 등록기간 내에 등록이 어렵습니다. 저 대신 부모님이나 친구가 대리등록을 해도 되는지요?,"채용후보자 등록은 공무원으로 임용될 의사가 있음을 표시하는 절차로 정해진 등록기간 내에 채용후보자 등록을 마쳐야 합니다. 만약, 이 기간 내에 채용후보자 등록을 하지 않은 경우에는 임용될 의사가 없는 것으로 간주되어 합격의 효력이 상실됩니다. 만약 본인의 상황이 여의치 않을 경우에는 부모님 또는 친구가 대리하여 국가공무원채용시스템에 접속한 후 채용후보자 등록을 해야 합니다."
30,[합격증명서 대리인 발급] 군 복무 중이어서 온라인과 오프라인상에서 발급이 어려운 상태입니다. 부모님 등 대리인을 통해 방문 발급이 가능한가요?,대리인을 통한 합격증명서 발급도 가능합니다. 다만 대리인이 방문하신 경우에는 합격자 본인과 대리인의 신분증 및  본인과 대리인 간의 관계를 확인할 수 있는 증빙서류가 있어야 가능합니다.
31,[과거 응시이력 증빙서류] 제가 비자신청 때문에 지난 3년간 공무원 시험 응시 이력을 증빙할 수 있는 서류가 필요합니다. 지난 3년간 응시한 시험의 응시표를 따로 발급받을 수 없나요?,"인사혁신처에서 주관하는 공개경쟁채용시험의 응시표는 시험이 시행된 당해 연도에만 국가공무원채용시스테을 통해 발급받을 수 있습니다.따라서 당해 연도 이전의 시험 응시표는 발급이 어렵습니다. 다만, 귀하가 공무원 시험에서 각 단계별로 합격사실이 있다면 제1·2차시험 합격확인서를, 최종 합격한 사실이 있다면 합격증명서를 발급 받을 수 있습니다."
32,[합격증명서와 확인서 구분] 합격증명서와 합격확인서의 서식이 동일한 건가요? 아니면 전혀 다른 서식인가요?,"국가공무원 채용시험에서 사용하는 합격증명서는 제1·2·3차시험 등 소정의 채용절차를 모두 통과하여최종 합격한 수험생에 대해 최종 합격을 증명하는 서류이며, 합격확인서는 제1차 및 제2차 시험의 합격 사실을 확인해 주는 서류입니다. 위 서식의 사용 용도를 감안하여 필요로 하는 서류를 발급받으시기 바랍니다."
33,[합격증명·확인서 발급] 합격증명서가 필요해 발급받으려고 합니다. 어디에서 발급받을 수 있나요?,"온라인 발급 방법으로는 국가공무원채용시스템 메인화면의 「합격증명서 교부」를 클릭하시거나,직접 '정부24' 사이트에 접속하여 공인인증서로 로그인 후, ‘국가공무원 임용시험 합격증명서 교부’ 코너에서 무료로 합격증명서를 발급받을 수 있습니다. 또는, 신분증을 지참하시고 인사혁신처(세종특별자치시 소재) 공개채용과(7,9급) 또는 5급공채팀(5급, 외교관 후보자)에 직접 방문하시면 발급이 가능합니다."
34,"[예비합격자 추가적인 면접 응시여부] 최종 합격자가 임용을 포기해서 추가로 합격자를 선발할 때, 또 다시 면접시험에 응시해야 하나요?","면접시험에서 “보통” 이상의 평정을 받은 응시자 중에서 선발예정인원만큼 최종 합격자가 결정되고,필기시험 성적 순위에 따라 합격자 명단에 포함되지 못한 응시자는 예비합격자 풀(면접시험에서 ‘미흡’ 평정을 받은 자는 제외)에 포함됩니다. 이후에 채용후보자 미등록 또는 임용 포기자(「국립외교원법」제6조제1항에 따른 교육과정 입교포기자) 발생 시,최종 합격자 발표일로부터 6개월 이내에 예비합격자 풀에 있는 수험생 중 일부 인원을 추가 선발할 수 있습니다.이 경우 별도의 면접시험을 거치지 않습니다. 왜냐하면 예비합격자는 선발예정인원 범위 안에서 필기시험 성적에 따라 합격하지 못한 것이지 공직자로서 갖추어야 할 능력과 자질은이미 기존 면접시험을 통해 충분히 검증되었기 때문입니다."
35,[필기 추가합격 미실시 모집단위] 제가 응시한 9급 ○○모집의 최종 합격인원을 보니 1명 미달이던데요. 다른 모집은 다 하는데 왜 ○○모집만 필기시험 추가 합격이 없는 것인지요?,면접시험 응시인원이 선발예정인원에 미달한 경우에 한해 공무원임용시험령 제25조제7항에 의하여그 미달인원의 1.5배수 범위 안에서 필기시험 추가 합격자를 결정하고 별도의 면접시험을 실시합니다. 귀하가 응시하신 ○○모집단위는 면접시험 응시인원이 선발예정인원과 같았으나응시자 중 1명이 면접시험 위원으로부터 ‘미흡’ 등급을 받아 불합격 처리된 경우입니다. 따라서 필기시험 추가 합격자 결정 요건에 해당되지 않습니다.
36,"[추가합격자 면접 불이익] 9급 면접시험에서 추가합격자 결정에 따라 당초 필기시험 합격자와 추가 합격자가 동시에 면접을 보는 경우, 추가 합격자가 따로 불이익을 받을 가능성이 있나요?","당초 필기시험 합격자와 필기시험 추가 합격자(공무원임용시험령 제25조제6항, 면접 응시 포기자 발생에 따른 추가 합격자만 해당)를별도로 구분하여 면접을 진행하지 않으며, 모두 동등한 조건하에 동일한 면접방식으로 시험이 진행됩니다. 그리고 면접시험의 결과(우수, 보통, 미흡 중 하나의 등급 부여)와 필기시험 성적을 토대로 최종 합격자가 결정되므로추가합격자라는 이유로 면접시험 단계에서 불이익을 받을 가능성은 없습니다. 참고로, 면접시험 위원에게 어떤 수험생이 추가 합격자인지를 알리는 자료를 제공하지 않습니다."
37,"[임용포기자 발생시, 추가합격자 결정시점] 9급 최종 합격자가 임용을 포기하는 경우 추가합격자를 결정하는데, 그 시점이 궁금합니다.",9급공채 최종합격자가 임용을 포기하는 등의 사정으로 결원을 보충할 필요가 있는 경우에최종합격자 발표일로부터 6개월 이내에 추가 합격자를 결정할 수 있습니다. 추가합격자 발표일은 부처 배치 이후의 각 부처의 추가합격 필요성 등을 종합적으로 고려하여매년 9급 공채 최종합격자 발표일에 공고될 예정이니 참고하시기 바랍니다.
38,"[면접시험 복장] 면접시험 응시요령(공고문)에서 복장과 관련하여 단정한 평상복 옷차림을 권장하고 있는데, 격식을 차린 정장과 비교하여 실제로 불이익이 발생할 가능성은 없는 건가요?","수험생들의 면접을 위한 정장구입, 미용·화장 등의 비용부담을 줄이고 좀 더 편안한 상황에서 면접시험에 임할 수 있도록“단정한 평상복” 옷차림을 권장하고 있습니다. 따라서 과도하게 격식을 차린 옷차림이 아니더라도 본인의 역량을 편하게 발휘할 수 있는 단정한 옷차림이라면 문제되지 않으며,실제 면접 시 옷차림으로 인한 불이익은 없습니다. 참고로 수험생에게 단정한 평상복 옷차림을 권장하고 있음을 면접위원 교육 시 안내하고 있습니다."
39,[공채 면접시험 운영방식] 공채시험별 면접시험 운영방식이 다르나요? 이러한 정보는 어디에서 확인할 수 있나요?," 면접시험 운영방식은 연도별로, 시험별로 달라질 수 있으므로 필기시험 합격자 발표일(5급 ㆍ7급 공채 및 외교관후보자 선발시험은 제2차시험 합격자 발표일)에 안내하는 「면접시험 일시 및 장소 공고문」 및 「면접시험 응시요령」 등을 반드시 확인 하시기 바랍니다. "
40,[개인발표내용 작성방법] “개인발표내용 작성용지”를 작성할 때 별도의 지정된 형식이 있습니까? 그리고 작성내용도 평가의 대상이 되는지요?,"발표내용을 작성할 때 별도로 지정된 형식은 없습니다. 응시자 본인이 면접위원 앞에서 발표하는데 활용하는 자료이므로 자유롭게 작성하시면 됩니다. 즉, 발표하고자 하는 내용의 핵심단어를 나열하거나, 개조식 또는 서술식으로 작성하셔도 되며, 필요할 경우에는 적절한 도형이나 그림을 활용해도 좋습니다. 발표시에는 작성한 용지의 원본을 가지고 발표하며 사본은 면접시험 위원에게 제공됩니다. 응시자가 작성한 개인발표 서면내용은 평가대상이 아닙니다."
41,"[면접시험에서의 봉사활동 경험] 개별면접과제에 봉사활동 경험 등을 쓰는 것이 있던데요, 봉사활동 유무가 면접시험 결과에 많은 영향을 줍니까?","면접시험 전에 응시자는 개별면접과제를 작성하게 됩니다. 개별면접과제 중 수험생이 본인의 과거 경험 중 나름대로 의미 있는 행동을 했던 사례를 기록하는 항목의 경우 작성내용을 면접위원이 질문 소재로 활용합니다. 참고로 예시를 들면, “본인의 과거 경험 중 여러 사람의 다양한 의견을 합리적으로 조정하여 통일된 의견을 도출한 경험이 있으면 작성하시오.” 등과 같은 것입니다. 이러한 과거 경험사례를 작성하는 과정에서 자신의 봉사활동 경험을 포함시킬 것인지 여부는 전적으로 수험생이 판단해야 할 문제이며, 개별면접과제에 포함되어 있는 봉사활동 유무 그 자체를 평가하는 것이 아니라 면접시험 위원과의 질의 응답과정에서 귀하의 답변내용 및 태도 등을 종합적으로 평가합니다."
42,"[당초의 선발예정인원 미충족] 9급 행정직 장애인 모집의 선발예정인원이 10명이고, 면접 응시인원도 10명이던데, 제가 왜 탈락했는지 이해가 되지 않습니다.","공무원임용시험령 제25조의 면접시험 합격자 결정기준에 따라 면접위원이 특정 수험생에 대하여 공직적합성 및 직무역량 등의 부족을 이유로 불합격에 해당하는 평정(‘미흡’ 등급을 부여)을 한 경우에는 설사 해당 모집단위의 합격예정인원이 선발예정인원에 미달한다 하더라도 불합격 처분을 하게 됩니다. 그 이유는 공무원 채용제도의 목적이 단순히 필요인력을 충원하는데 있는 것이 아니라, 공직자로서 필요한 전문지식과 자질을 충분히 갖춘 우수 인재를 충원하는데 있기 때문입니다."
43,"[9급 예비자 순위] 9급 면접시험에서 ‘보통’ 등급을 받았는데 합격은 아니고 예비자 순위에 들어 있다고 하는데, 이것은 무슨 뜻인가요?","종전 면접시험 합격자 결정방식은 최종 당락만을 결정하는 것으로 공채시험 합격자가 임용을 포기하는 경우에도 추가 합격자 선발이 불가능한 체제로 정부의 안정적인 인력운용에 큰 차질을 초래해 왔습니다. 이러한 문제점을 적극 해소하고자 공무원임용시험령 제25조를 개정하면서 면접시험 합격자 결정방식을 개선하고, 최종합격 후 임용포기자 발생에 따른 추가 합격자 선발 규정을 신설하였습니다. 이에 따르면, “최종합격자가 임용되는 것을 포기하는 등의 사정으로 결원을 보충할 필요가 있을 때에는 합격자 발표일부터 6개월 이내에 불합격 기준에 해당하지 아니하는 사람 중에서 필기시험 성적이 높은 사람 순서로 추가 합격자를 결정”할 수 있습니다. 따라서 향후 채용후보자 미등록 등 임용을 포기하는 합격자가 발생할 경우에 임용포기 인원만큼 예비자(‘보통’ 이상의 등급을 받은 자에 한함) 순위에 있는 자 중에서 필기시험 성적이 높은 순으로 추가 합격자를 선발하게 됩니다."
44,[면접 합격자 결정방식 변경] 국가공무원 공채 면접시험 합격자 결정방식이 구체적으로 어떤 내용인지 궁금합니다. ,"면접시험 평가(‘우수’, ‘보통’, ‘미흡’ 중 하나의 등급 부여) 결과와 더불어 필기시험 성적(5급·7급 공채의 경우 제2차시험 성적) 순위 등을 고려하여 아래와 같이 최종합격자를 결정하게 됩니다. 보다 구체적인 내용은 공무원임용시험령 제23~25조의 해당 내용을 꼼꼼히 확인하시기 바랍니다. "
45,[9급 거주지 요건 미충족자 합격취소] 9급 지역모집 필기시험에 합격했는데요. 거주지 제한요건에 맞지 않다고 하네요. 이 경우 필기시험 합격사실도 취소가 되는 건가요?,"9급 공개경쟁채용시험 계획 공고문에 따르면, 9급공채 지역 구분모집 응시자는 2022.1.1을 포함하여 1월 1일 전 또는 후로 연속하여 3개월 이상 해당 지역에 주민등록이 되어 있는 지역(시․·도)모집에 한하여 응시자격이 인정됩니다. 만약 귀하가 응시원서 접수 시 응시자격 요건을 갖추지 못한 지역 모집단위에 응시원서를 내고 합격하셨다면 필기시험 합격이 취소됩니다."
46,"[필기시험 합격자 서류제출] 예년에는 필기시험 합격자에게 자격증 사본, 주민등록초본 등 각종 서류를 제출하라고 하던데, 요즘은 아예 제출하는 서류가 없나요?","종전에는 거주지 제한요건(5․9급 공채 지역 구분모집 응시자), 장애인 해당여부(7․9급공채 장애인 구분모집 응시자) 및 가산점 부여요건(7․9급공채 가산점 신청자) 등을 확인하기 위해 필기시험 합격자로부터 각종 증빙서류를 제출받았습니다. 다만 현재는 이와 관련된 정보를 해당 기관에 직접 조회하여 확인하므로 수험생이 별도로 제출하실 필요는 없습니다. 그러나 관계기관 조회ㆍ확인이 되지 않는 경우 인사혁신처에서 별도로 제출 기간 및 제출서류를 안내할 예정이니 안내기간 내 서류를 제출하여 합격이 취소되지 않도록 주의하시기 바랍니다."
47,[포기등록 시 제출 서류] 면접시험 포기등록을 하고자 합니다. 따로 제출해야 하는 서류가 있나요?,"면접시험 포기등록을 하고자 할 때, 별도로 제출해야 하는 서류는 없으며 국가공무원채용시스템에서 [서류전형/면접시험]-[면접시험 포기등록]의 메뉴에서 해당하는 내용을 작성하신 후 제출해 주시면 됩니다. 면접시험 포기등록이 정상적으로 이루어졌는지 [면접시험 포기등록 확인] 메뉴에서 가능합니다."
48,[면접시험 포기 등록] 면접시험에 응시하지 않을 예정인 경우 면접시험 포기 등록을 꼭 해야 하나요? 포기 등록을 안 하고 면접시험에 결시 한 경우 따로 불이익이 있는지 궁금합니다. ,"포기 등록을 하지 않고 면접시험에 결시한다고 해서 불이익이 있는 것은 아닙니다. 다만, 면접시험에 응시하지 않을 예정인 경우에는 면접시험 포기 등록을 꼭 해주시는 것이 좋습니다. 면접대상자의 면접시험 포기등록으로 해당 모집단위에서 면접대상자 수가 선발예정인원에 미달하는 경우 다른 수험생이 면접에 응시할 기회를 얻을 수도 있고, 결시로 인해 더 많은 예산이 낭비되는 측면도 있기 때문에 면접시험을 포기해야 할 사정이 있을 경우 꼭 면접시험 포기 등록을 해주시기 바랍니다."
49,"[실기시험에서 부정약물 복용자 처리] 최근 공무원 실기시험(체력시험) 응시자 중 일부가 부정약물을 사용한다고 하던데, 부정행위자로 처리되지 않나요?","공정한 공무원 채용시험 관리를 위해 실기시험(체력시험)의 결과에 영향을 미치는 금지약물 또는 금지방법을 사용한 응시자는 공무원임용시험령 제51조 제1항에 의해 부정행위자로 판단되어 당해시험의 정지·무효 및 5년간 공무원 시험 응시자격 정지등의 불이익 처분을 받을 수 있습니다. 또한, 시험실시기관의 장은 공무원임용시험령 제51조 제6항을 근거로 금지약물 복용여부 등을 확인하기 위해 도핑테스트를 실시할 수 있습니다. 참고로 인사혁신처는 2019년 1월에 인사혁신처 고시 제 2019-1호(2019.1.8.)를 통해 공무원 임용을 위한 체력시험 금지약물 및 금지방법을 고시한 바 있습니다."
50,[교정·철도경찰직 필기합격자 결정기준] 실기시험이 있는 교정직렬 및 철도경찰직렬은 필기시험 합격자 결정기준이 다를 것 같은데요?,6급이하 교정직렬(교정) 및 철도경찰직렬은 실기시험을 반드시 거쳐야 합니다. 이 두 직렬은「공무원임용시험령」 제25조의 규정에 따라 필기시험 합격자 결정시 실기시험 불합격자 발생 여지 등을 고려하여 선발예정인원의 2배수 범위(다른 직렬은 선발예정인원의 1.5배 범위) 내에서 합격자를 결정할 수 있도록 규정되어 있습니다.
51,[5급 교정직렬 실기시험 시행여부] 5급공채 교정직렬의 경우도 7·9급과 같이 실기시험을 거쳐야 하는지요?,관계법령에 따라 6급이하 교정직 및 철도경찰직렬 채용시험에 한해서만 실기시험이 진행되므로 5급 공개경쟁채용시험의 교정직렬 시험에서는 별도의 실기시험을 실시하지 않습니다.
52,[교정·철도경찰직 채용 신체검사규정 폐지] 교정·철도경찰직 응시자에게만 적용되는 신체검사 규정이 별도로 있어서 키가 작으면 응시가 어렵다고 하던데요?,"교정직·철도경찰직렬 공무원 채용시에 적용되던 키, 몸무게, 시력 및 색각이상 등 신체조건에 의한 응시자격 제한은 2006년에 「철도공안직 공무원 신체검사 불합격 판정기준」이, 2007년에「교정직공무원 채용신체검사규정」이 각각 폐지되면서 모두 없어졌습니다. 이에 따라 현재는 「교정직공무원 임용시험의 체력검사에 관한 규칙」(법무부령), 「철도경찰직공무원 임용시험의 체력검사에 관한 규칙」(국토교통부령)에 의거 6급이하 교정·철도경찰직 채용시험에서 필기시험 합격자를 대상으로 실기시험(체력검사)을 실시하고 있습니다. 해당 실기시험은 법무부(교정직), 국토교통부(철도경찰직) 등 실제 수요부처에서 직접 주관하며, 실기시험의 종목 및 합격기준 등은 상기 법령을 참조하시기 바랍니다."
53,"[답안지 열람 신청] 필기시험 성적 사전공개 이후, 제 답안지를 직접 확인할 수 있는 절차는 없습니까?","수험생 여러분의 불안·궁금증을 조기에 해소하고, 채점과정의 투명한 공개를 위해 2015년부터 제1차 필기시험(선택형) 성적을 사전 공개한 이후, 성적사전공개 기간 내에 이의신청자에게 본인 답안지를 국가공무원채용시스템에서 직접 확인할 수 있는 서비스를 제공하고 있습니다. 또한, 5급공채 및 외교관후보자 선발시험의 제2차시험(논문형) 답안지는 제2차시험 합격자 발표일 이후 안내기간을 통해 온라인 신청을 하는 자에 한해 직접 방문 열람을 허용하고 있습니다. 자세한 열람시기 및 방법 등은 국가공무원채용시스템(gongmuwon.gosi.kr) - 마이페이지 - 2차 답안지 열람 신청을 참고하시기 바랍니다."
54,[필기성적에 대한 이의신청 절차] 9급시험에서 사전 공개된 성적이 제가 생각했던 점수와 차이가 있습니다. 이의신청은 어떻게 할 수 있나요?,"9급 공개경쟁채용시험은 시험시행일 이후 OCR스캐너 판독결과에 따른 개인별‧과목별 성적(원득점)과 수험생의 가산점 신청정보를 토대로 관계기관에 조회하여 최종 확인한 가산점을 사전 공개하고 있습니다. 만약, 사전 공개된 성적이 본인이 가채점했던 성적과 다를 경우에는 필기시험일에 안내하는 기간 내에 국가공무원채용시스템에 접속하여 이의신청을 하시기 바랍니다. 이의신청은 과목 단위로만 신청할 수 있으며, 인사혁신처는 이의신청을 한 수험생의 답안지를 다시 한 번 검증한 후 그 결과를 개별적으로 알려드릴 예정입니다."
55,[필기시험 성적 재공개] 9급 필기성적 공개 및 이의신청 기간에 성적 확인을 못 했습니다. 그 이후에 다시 한번 확인해 볼 수는 없습니까?,"시험당일에 안내해 드린 기간 내에서만 국가공무원채용시스템을 통해 개인별‧과목별 성적(원득점) 확인 및 이의신청이 가능하며 그 이후에는 해당 서비스가 중단됩니다. 필기시험 성적에 대한 이의신청 기간이 종료되면 곧바로 합격선 및 합격자 결정 절차 등이 진행되므로 다시 한번 성적을 공개하는 절차는 이행할 수 없습니다. 참고로, 이의신청 기간 내에 개별적인 이의신청이 없으면 해당 수험생의 성적은 그대로 확정되어 채점 및 합격자 결정이 이루어짐을 유의하시기 바랍니다."
56,[필기성적 사전 공개시기] 9급 필기시험 성적 사전공개일이 공고문에 없던데요. 언제 어디서 공개한다는 건지 알 수가 없습니다. ,"필기시험 성적 사전 공개 및 이의신청 기간은 필기시험 시행 7일전에 발표하는「시험일시 및 장소 공고문」에 포함하여 공지할 예정이며, 수험생 착오방지를 위해 시험당일 응시자에게 다시 한번 안내해 드릴 예정입니다."
57,"[성적 사전공개가 면접시험에 미치는 영향] 종전에는 최종합격자 발표일에 필기 성적이 공개되었는데, 면접 전에 성적이 공개되면 면접에 부정적 영향을 줄 수 있지 않나요?","종전에 필기시험 합격자(면접시험 응시대상자)의 성적은 최종 합격자 발표일에 공개되었으나, 2015년부터 수험생 여러분의 불안ㆍ궁금증을 조기에 해소하고, 채점과정의 투명한 공개를 위해 성적 사전공개제를 시행해 오고 있습니다. 이는 최종 점수를 공개하는 것은 아니며, 가산점을 포함하지 않은 원점수를 공개하는 것입니다. 또한, 인사혁신처에서는 2005년부터 면접시험 위원에게 필기시험 성적 및 순위, 학력 등의 정보를 일절 제공하지 않는 직무역량 중심의 배경 블라인드 면접방식을 시행하고 있습니다. 따라서, 면접시험 전에 원점수 성적이 공개되어도 면접시험 위원에게 영향을 줄 수 없기에 면접시험 결과에 부정적인 영향을 주지 않는다 할 것입니다."
58,[성적 사전공개로 인한 채점 소요기간 연장 우려] 필기 성적을 사전 공개하는데 소요되는 일정 때문에 채점기간이 늘어나는 것은 아닌가요? 차라리 합격자 발표일을 앞당겨 주시지요.,"먼저, 2014년부터 OCR(이미지스캐너) 기기에 의한 답안지 판독방식이 전면 도입됨에 따라 답안지 판독, 채점결과 검증 방식 등의 채점절차가 개선되어 필기성적을 사전 공개할 수 있는 여건이 마련되었습니다. 인사혁신처가 필기시험 성적을 사전 공개하는 데에는 한 가지 전제조건이 있습니다. 인사혁신처가 OCR기기 판독결과를 수험생에게 사전 공개하면 응시자는 반드시 본인의 가채점 결과와 일치하는지 아니면 상이한지를 확인해야 합니다. 만약, 안내해 드린 기간내에 이의신청이 없으면 해당 수험생의 성적은 그대로 확정되어 합격자 결정이 이루어집니다. 결론적으로 필기시험 성적 사전 공개제도는 수험생 입장에서는 시험결과를 보다 빠른 시기에 확인할 수 있는 장점이 있고, 시험실시기관 입장에서는 내부적으로 이루어지는 채점결과 재검증 기간이 줄어들어 단계별 채점 소요기간이 단축될 수 있을 것으로 기대하고 있습니다."
59,"[필기성적 사전공개] 공개경쟁채용에서 필기성적을 미리 공개하던데, 경력경쟁채용시험 등에서는 이런 제도가 시행되지 않나요?","인사혁신처에서 주관하는 국가공무원 5, 7급 민간경력자 일괄채용시험, 전국 지역인재 7, 9급 수습직원 선발시험의 경우 필기시험 점수 사전 공개제를 시행하고 있습니다. 필기시험 점수 사전 공개 기간은 시험 일시 및 장소 공고문을 통해 공지합니다."
60,"[시험관리위원회 구성] 시험관리위원회를 구성하여 합격선을 결정한다던데, 이 위원회의 구성현황과 위원명단을 알고 싶습니다. ","「인사혁신처 시험관리위원회」는 공무원임용시험령 제4조제5항에 근거하여 설치된 위원회로서 공무원 채용제도에 대한 자문, 인사혁신처 주관 채용시험의 시기·방법 및 합격선 결정 등의 안건을 심의하고 있습니다. 위원회의 구성 및 운영방법, 위원 명단 등은 시험관리의 공정성 차원에서 비공개하고 있습니다."
61,"[필기시험 과락기준] 공무원 시험에 있어 과목별 과락, 평균점수 과락제가 동시에 적용되는지요?","5급 공개경쟁채용시험 및 외교관후보자 선발시험(‘일반외교 분야’에 한함)의 제1차시험의 경우는 과목별 과락규정(과목별 만점의 40퍼센트 미만)과 평균점수 과락(전 과목 총점의 60퍼센트 미만) 규정이 모두 적용되므로, 이 둘 중 하나라도 해당되면 과락자로 분류되어 합격자 결정에서 제외됩니다. 이 외의 외교관후보자 선발시험의 ‘지역외교’ 및 ‘외교전문’분야 제1차시험, 5급공채 및 외교관후보자 선발시험의 제2차시험, 7급 및 9급공개경쟁채용시험의 필기시험 등에서는 과목별 과락규정(과목별 40퍼센트 미만)만 적용됩니다."
62,"[화장실 이용 수험생 반대] 옆자리 수험생이 화장실을 이용하면 시험 집중에도 방해될 것 같고, 반대 의견도 많은 것 같은데 왜 허용하나요?"," 그간, 시험의 공정성·안정성 차원에서 시험 중 화장실 이용을 제한하여 왔으나, 인권위 권고에 따라 수험생의 인권 측면을 고려하여 화장실 이용을 일부 시험에 한하여 허용하게 되었습니다. 향후, 수험생 인권, 안정적인 시험환경, 공정한 시험집행 측면 등을 다각도로 고려하여 시험 중 화장실 이용에 대하여 검토해나가도록 하겠습니다."
63,[화장실 이용 부정행위 방지] 화장실 이용을 허용하게 되면 결국 부정행위가 문제가 될 것 같은데요?,"사전에 화장실 내부의 부정한 내용 기재 등 이상여부를 확인·점검하고, 시험감독관이 화장실 이용 수험생을 바로 옆에서 안내하며, 화장실 사용 전·후에 금속탐지기 등을 활용해서 통신기기 및 부정자료 소지 등을 엄격히 검사하여 부정행위가 발생하지 않도록 철저히 관리해 나갈 예정입니다. 더불어, 화장실 이용 시간대를 지정하여 수험생들이 시험에 집중할 수 있는 분위기를 조성하겠습니다."
64,[시험 중 화장실 이용 대상시험] 왜 경채시험과 7급 공채시험에만 화장실 이용을 허용하는가요? 9급 공채시험에는 도입할 계획이 없나요?,"경력경쟁채용시험은 규모가 작아 화장실 이용에 따른 문제 발생여지가 상대적으로 적은 편이며, 7급 시험은 공채시험 중 시험시간(120분)이 가장 길어 화장실 이용의 필요성이 가장 크다고 판단되어 시범운영하게 되었습니다. 9급 공채 시험에 화장실 이용을 허용하는 것에 대하여는 시험시간(100분), 수험생 및 관계자 의견, 경채시험 및 7급 공채시험의 시범운영 결과 등을 종합적으로 고려하여 단계적으로 검토할 계획입니다."
65,[화장실 이용 허용이유] 지금까지 화장실 사용을 제한해 왔는데 2018년부터 화장실 이용을 허용하게 된 이유가 무엇인가요?,"그간 시험시간 중 화장실 이용을 제한하여 왔으나, 국가인권위원회에서 화장실 이용을 허용하도록 권고함(2016.9.)에 따라 응시자의 인권을 보호하기 위해 일부 시험에 화장실 이용을 시범운영하게 되었습니다."
66,"[중학교 책걸상 불편] 전년도에 중학교에서 필기시험을 봤는데, 책상 등이 불편했습니다. 중학교를 시험장으로 사용하지 말아 주세요.","모든 조건이 구비된 쾌적한 상설 시험장을 전국에 갖추고 있다면 이러한 수험생 불편사항은 없을텐데, 저희로서도 대단히 죄송하고 안타까운 심정입니다. 현재, 전국단위로 실시되는 5급 및 7・9급 공개경쟁채용시험의 제1차 필기시험은 일선 고등학교와 중학교를 시험장으로 활용하고 있습니다. 많은 학교들을 임차해야 하다보니 불가피하게 환경이 다소 좋지않은 시험장들도 임차할 수밖에 없는 사정이 있다는 양해 말씀을 드립니다.  쾌적한 시험장 확보에 최선을 다해 수험생 불편을 최소화 하도록 노력하겠습니다."
67,[응시지역과 주민등록지 상관관계] 9급 행정직(전국모집) 필기시험 응시지역이 주민등록지와 같아야 하나요? 면접시험 응시지역도 선택할 수 있는지요?,"지역별 구분모집을 제외한 9급 공개경쟁채용시험의 전국모집 필기시험의 경우는 응시원서 접수 시 수험생 본인이 응시지역을 주민등록지와 관계없이 임의적으로 선택할 수 있습니다. 다만, 지역별 구분모집 응시자는 응시요건인 거주지 제한규정을 충족하기 위해 응시지역과 주민등록지가 일치되어야 하는 경우가 있습니다. 면접시험은 주로 서울 및 경기지역에서 시행되며 수험생이 별도로 응시지역을 선택하는 절차는 없습니다."
68,[응시지역과 발령지역 상관관계] 공채 필기시험을 보는 지역과 실제 발령지역이 같은지요?,"전국 모집에서의 시험을 보는 지역은 단순히 수험생의 응시편의성을 고려해 배정한 것에 불과하며, 실제 발령지역은 응시지역과 관계없이 최종 합격 후 배정 받은 부처의 인사여건 및 소속기관 소재지 등에 따라 결정됩니다. 다만, 지역 구분모집 응시자의 경우는 응시원서를 제출한 해당 지역(예: 9급 행정직 전북지역 모집 → 전북 전주시에서 시험응시 → 전북지역 소재 국가행정기관에 발령)에서만 시험응시가 가능하므로 응시지역과 실제 발령지역이 동일할 수도 있습니다."
69,[시험시간 중 신분확인] 시험감독관이 시험시간 중에 응시자 신분 확인을 하는데 불편이 많습니다. 시험 시작 전에 신분확인을 해주세요.,"현행 시험관리 절차상 시험감독관이 시험시간 중에 응시자의 신분증과 실제 얼굴을 비교·확인한 후 답안지의 시험감독관 서명란에 서명을 합니다. 이것은 해당 답안지가 시험당일 해당 시험실에서 응시자가 직접 작성한 답안지라는 것을 시험감독관이 시험시간 중에 확인하는 절차로 해당 시험시간 내에 신분 확인을 하는 것은 반드시 필요한 사항입니다. 또한, 수험생들의 불편을 이유로 귀하의 의견처럼 응시자 신분확인을 시험시작 전에 실시한다고 가정할 경우, 신분확인 후 화장실 이용을 위해 시험실을 나간 수험생을 대신해 다른 수험생이 대리 응시할 개연성을 완전 배제할 수 없고, 시험 시작시간에 임박(문제책 입실 전 까지)해 시험실에 도착하는 수험생들이 많아 전체 응시자의 신분확인을 일괄 실시할 수도 없습니다. 이러한 이유 때문에 시험 시작 전에 신분확인을 하는 것은 시험관리 여건상으로 어려움이 많다는 말씀을 드립니다. 앞으로는 수험생들의 불편을 최소화하기 위해 최대한 신속하고 조용하게 신분확인을 할 수 있도록 시험감독관 교육을 철저히 하겠습니다."
70,"[시험감독관 교육 철저] 시험 볼 때 어떤 시험감독관을 만나느냐는 것도 중요한 변수가 됩니다. 시험감독관은 누가 하는 것이며, 교육을 제대로 하는지 궁금합니다. ","인사혁신처 주관 공무원 채용시험은 중앙 및 지방자치단체 공무원들이 시험감독관으로 차출되어 시험실에 2인 1조(5급공채 제2차시험은 2인 1조 또는 3 인 1조로 구성)로 배치되고 있습니다. 인사혁신처에서는 시험시작 전 약 1시간 30분 동안 시험감독관을 대상으로 시험단계별 구체적인 행동 매뉴얼, 시험감독 요령 및 주의사항 등을 집중 교육하고 있습니다. 부적절한 행태를 보인 시험감독관은 향후 시험에서 차출을 배제하고, 보다 철저한 교육을 통해 시험도중 수험생들에게 불편을 드리는 일이 없도록 하겠습니다."
71,[기출문제 확인] 인사혁신처 주관의 공채시험 기출문제는 어디에서 볼 수 있나요? 다운받을 수도 있나요?,"인사혁신처가 주관하는 공개경쟁채용시험 및 외교관후보자 선발시험의 기출문제는 인사혁신처 의 “시험문제/정답” 코너의 선택형 문제/정답 및 서술형 문제에서  언제든지 확인 또는 다운로드 받을 수 있습니다. 또한, ""시험문제/정답 -> 모의고사"" 메뉴를 통해서 실제 시험시간과 동일한 환경에서 온라인으로 모의고사를 보고 답안제출과 동시에 채점되어 점수도 확인할 수 있습니다."
72,"[문제공개 및 이의제기 절차] 만약, 정답이 없다거나 정답이 2개 이상인 것으로 추정될 경우 어떻게 이의신청을 할 수 있나요?","인사혁신처는 필기시험 종료 직후, 국가공무원채용시스템에 시험문제와 정답 가안을 공개하고 통상 3~4일 이내 정답 가안에 대한 이의제기를 접수받고 있습니다. 이의제기 기간이 종료된 이후에는 당해시험의 출제위원과 기존 출제과정에 참여하지 않은 위원으로 구성된 정답확정위원회에서 수험생이 제시한 이의제기 의견 등을 토대로 모든 시험문제와 정답가안을 다시 한번 면밀히 검토한 뒤 최종정답을 확정·공개합니다. 이 때 이의제기를 한 수험생에게 개별적으로 답변은 하지 않으며, 최종정답을 국가공무원채용시스템에 확정·공고하는 것으로 답변을 갈음합니다."
73,[문제공개의 편익] 시험문제 공개가 수험생들에게 어떤 도움을 주나요?,"인사혁신처가 주관하는 모든 공개경쟁채용시험은 시험시행 직후 시험문제와 정답 가안을 국가공무원채용시스템를 통해 공개하고 있습니다. 이로 인해 부정확한 정보에 기초한 오답 및 복수정답 시비 등 불필요한 논란이 줄어들었고, 수험생은 자신이 받을 수 있는 시험성적을 예상하여 합격권에 들 것으로 판단되는 경우 곧바로 면접시험 준비에 들어갈 수 있고 그렇지 않은 수험생도 조기에 다른 시험 준비를 할 수 있게 되어 시간낭비를 줄일 수 있게 되었습니다."
74,[시험 무효처분에 대한 이의제기] 시험 종료 후 문제책에 표시해둔 답안을 5문항 정도 옮겨 적고 감독관의 지시에 따라 확인서를 작성했는데 무효라니 억울합니다.,"공개경쟁채용시험에 있어서 제일 중요한 것은 모든 수험생들에게 동일한 조건을 제공하는 것이며, 그런 의미에서 시험시간은 엄격히 통제되어야만 합니다. 특히, 선택형 필기시험은 1~2문제로 당락이 좌우되는 시험인 점을 감안하면 시험시간 통제의 중요성은 더욱 크다 할 것입니다. 이 때문에 시험시간 종료 후에는 답안지를 일절 작성할 수 없도록 하고, 이를 위반할 경우에는 당해 시험의 무효라는 불이익처분을 하는 것입니다. 귀하는 문제책에 표기해 놓은 것을 단순히 옮겨 적는 것은 부정행위가 아니라고 하지만 해당 시험시간에는 답안지를 작성하는데 소요되는 시간도 포함되어 있습니다."
75,[물이나 간식섭취] 시험 중 물을 마시거나 초콜릿 등 간식을 먹을 수 있나요?,"시험감독관이 부정행위의 소지가 없는지 사전에 확인한 후에 물을 마시거나 간식 등을 먹을 수 있습니다. 다만, 시험 중에 물을 마시거나 간식을 먹는 등의 행위로 인한 소음으로 타 수험생에게 피해가 발생할 수 있으므로 가급적 시험 중에는 불가피한 사정 외에는 자제하여 주시기 바랍니다. 또한 시험 중 물을 마시거나 간식 등을 먹다 발생한 답안지 훼손에 대해서는 수험생 본인의 귀책사유임을 유의하시기 바랍니다."
76,[응시자 준수사항 동영상] 올해 처음 공무원 공채시험에 응시하는 수험생입니다. 시험당일의 행동요령 등을 사전에 습득할 수 있는 자료가 없나요?,"인사혁신처는 귀하와 같이 처음 공무원 시험에 응시하는 수험생들의 이해를 돕기 위해「공무원 채용시험 응시자 준수사항」동영상을 제작해 제공하고 있습니다. 이 동영상을 보시면 시험당일의 세부적인 시험절차나 수험생 행동요령 및 주의사항 등의 정보를 빠르게 확인하실 수 있습니다. 이 동영상은 국가공무원채용시스템(시험통계/자료실-동영상)에서 다운로드 받아 시청할 수 있으며, 유튜브(http://www.youtube.com)에서 「공무원 채용시험 응시자 준수사항」으로 검색하시면 인사혁신처에서 만든 동영상을 실시간으로 시청하실 수 있으니 수험 준비에 참고하시기 바랍니다."
77,[시험당일 지참물] 7‧9급 필기시험 당일 무엇을 지참하고 가야 하나요?,"시험당일 지정된 시간(시험시작 시간이 10:00일 경우, 09:20분)까지 지정된 시험실에 입실하여야 하며 본인 확인을 위한 응시표와 신분증(주민등록증, 여권, 운전면허증, 주민등록번호가 기재된 장애인등록증(복지카드) 등) 그리고 답안표기에 필요한 컴퓨터용 흑색사인펜 등을 지참하시면 됩니다. 더불어 답안 수정을 위한 수정테이프와 시험시간 확인을 위한 시계(계산기능이 포함된 것 제외)를 소지하셔도 됩니다."
78,[기한 만료된 여권] 기한 만료된 여권을 제외하고는 신분증이 없습니다. 기한 만료된 여권으로 응시가 가능합니까?,"공무원 채용시험에서 신분확인용으로 사용하는 신분증은 주민등록증, 운전면허증, 여권, 주민등록번호가 기재된 장애인등록증(복지카드) 등 4가지입니다. 기한이 만료된 여권은 응시자 본인 확인에 유효하지 않으므로 신분증으로 인정되지 않습니다. 따라서 가능하시다면 다른 신분증(주민등록증 발급신청 확인서도 가능)을 재발급 받으시는 것이 좋겠습니다. 부득이 시험당일까지 재발급받지 못할 경우에도 응시는 가능하나, 시험시간 중에 본인확인을 위한 좌우무인 날인 등의 절차를 이행하셔야 합니다."
79,[시험 중 퇴실 가능여부] 필기시험 도중 퇴실이 가능한지 알고 싶습니다. ,"시험시간 중에는 원칙적으로 퇴실이 불가능합니다. 다만, 배탈 등으로 화장실 이용이 불가피 할 경우에 한해 퇴실이 인정되나 재입실은 허용되지 않습니다. 그리고 시험이 종료될 때까지 시험시행본부에서 대기하신 후 귀가토록 하고 있습니다. 물론 이로 인한 어떠한 불이익은 없으며 퇴실 전까지 작성한 답안지는 유효한 답안지로 처리됩니다."
80,[5급 2차시험 녹색펜 사용] 5급공채 2차시험에서 청·흑색 필기구가 아닌 녹색모나미 플러스펜도 사용 가능합니까?,"5급 공개경쟁채용시험 및 외교관후보자 선발시험 등의 제2차시험 답안지를 작성할 때에는 통상적인 농도와 굵기의 흑색 또는 청색 필기구만을 사용하여야 하며, 하나의 답안지에는 색상, 굵기 등이 동일한 필기구를 계속해서 사용해야 합니다. 귀하께서 말씀하신 녹색 필기구나 사인펜, 연필 종류 등은 사용할 수 없습니다. 원본 답안지가 아닌 사본 답안지로 채점을 하는데 흑색·청색이 아닌 다른 색깔의 펜 등은 스캔·복사로 사본을 제작할 경우 가독성이 현저히 떨어져 채점에 부정적 영향을 줄 수 있기 때문입니다."
81,"[불량 수성사인펜] 시험장 정문에서 나눠주는 수성사인펜으로 답안 마킹을 했는데, 판독이 제대로 안되어 점수가 제대로 안 나왔어요. 난감하네요","시험 당일 공무원 학원 관계자가 나눠 준 사인펜을 사용한 경우, 기존 시험에 합격한 선배·친구의 수성사인펜을 물려받아 사용한 경우 등은 농도 및 발광물질 등에 문제가 있어 답안지 판독과정에서 불이익을 받을 가능성이 매우 높습니다. 실제로 전체 또는 일부 답란이 제대로 판독되지 않아 불합격되는 수험생이 매년 계속해서 발생하고 있습니다. 수험생께서는 불량 또는 노후 펜 등으로 인해 판독이 되지 않는 상황이 오지 않도록 반드시 ""컴퓨터용 흑색 사인펜""을 사용하시고 시험용품 준비 시 정상 여부를 면밀히 확인하시기 바랍니다."
82,"[미지정펜 사용에 따른 불이익] 9급공채 필기시험 성적을 확인했는데, 전 과목이 “0”점으로 나왔습니다. 어떻게 된 일입니까?",필기시험 답안지에 답안을 마킹하면서 “컴퓨터용 흑색 사인펜”이 아닌 다른 필기구를 사용하셨거나 아니면 농도가 현저히 떨어지는 불량 수성사인펜을 사용하신 경우로 판독결과 '0점‘으로 처리되었습니다. 앞으로는 부적정한 필기구 사용에 따른 불이익 방지를 위해 시험 시작 전에 반드시 가지고 계신 필기구가 적절한 필기구인지 면밀히 확인하시기 바랍니다.
83,"[미국 공인회계사 인정여부] 세무직렬에서 공인회계사 자격 소지자는 5%의 가산점을 받던데, 이 때 미국 공인회계사(AICPA)도 해당되는지요?","6급이하 채용시험의 가산점 적용대상 자격증은 국가기술자격법이나 그 밖의 법령에 따른 자격증 중 공무원임용시험령 별표12에서 정한 자격증에 한합니다. 이에 따라 세무직렬에 가산점이 인정되는 자격증은 국내에서 취득한 변호사, 공인회계사, 세무사에 한하며, 미국 공인회계사 자격증은 해당되지 않습니다."
84,"[자격증 취득 유효시점] 만약 7.24일에 세무사 2차시험 합격자를 발표하고 이 때, 합격자로 결정되면 8월17일 시행예정인 7급공채 세무직렬 시험에서 5%의 가산점을 받을 수 있나요?","「세무사법」제3조에 의하면, 세무사 자격은 세무사 자격시험(1차+2차) 합격과 동시에 인정됩니다. 따라서 귀하가 7급 공개경쟁채용시험의 필기시험 시행 전일까지 세무사 자격시험에 최종 합격한 경우라면 5%에 해당하는 가산점을 부여받을 수 있습니다. 마찬가지로 공인회계사, 감정평가사, 변리사, 법무사, 관세사 및 변호사도 자격시험에 합격하면 그 자격이 바로 인정됩니다."
85,[사회복지사 자격증] 사회복지사 1급 자격증을 가지고 있습니다. 이 자격증으로는 가산점을 받을 수 없나요?,"「공무원임용시험령」 별표11 및 별표12에 따르면, 사회복지사 1급은 6급이하 사회복지직렬 채용시험에서 5%의 가산점을 부여받을 수 있는 자격증입니다. 다만, 인사혁신처가 주관하는 7급 및 9급 공개경쟁채용시험에서는 사회복지직렬을 선발하고 있지 않음을 알려드립니다. 참고로, 사회복지직렬은 지방공무원 공개경쟁채용시험을 통해 선발하고 있으며, 사회복지사 자격증은 가산대상이 아닌 응시에 필요한 필수 자격증으로 정하고 있음을 알려드립니다."
86,[취업지원 가점 적용횟수 제한] 취업지원 대상자 가점의 경우 최대 몇 번의 채용시험에서 가점적용을 받을 수 있나요?,"「국가유공자등예우및지원에관한법률」제31조에 따라, 6급이하 채용시험에서 취업지원 대상자에게 과목별 만점의 5% 또는 10%에 해당하는 점수를 가산하고 있습니다. 이 때, 취업지원 대상자 가점 부여에 대한 횟수 제한은 없으므로 귀하가 응시하는 매 시험마다 과락만 아니라면 취업지원대상자 가점을 적용받을 수 있습니다."
87,[면접시험에서 취업지원 가점 적용여부] 면접시험에서 취업지원대상자의 경우 가점이 반영 되나요?,"「국가유공자등예우및지원에관한법률」제31조제2항을 보면, 점수로 환산이 불가능한 시험은 취업지원 대상자 가점을 부여하지 않도록 되어 있습니다. 이에 따라 인사혁신처에서 주관하는 채용시험의 면접에서는 취업지원대상자 가점이 별도로 적용되지 않습니다. 다만, 동 법률 제31조제3항에서 규정한 취업지원 대상자 가점합격 30% 상한제는 적용하여 최종 합격자를 결정하고 있습니다."
88,"[과락자에 대한 가점 적용] 국어만 40점 미만인데, 국어 외에 나머지 과목에도 취업지원대상자 가점이 반영되지 않았습니다. 왜 그런거죠?",6급이하 채용시험에서 취업지원 대상자 가점을 받기 위해서는 응시과목 모두 과목별 만점의 40%(100점 만점인 경우 40점) 이상을 득점해야만 합니다. 한 과목이라도 과락(40점 미만)에 해당하는 점수를 받으면 다른 과목에서도 가점이 적용되지 않습니다. 이는 자격증 가산점에서도 동일하게 적용됩니다.
89,[취업지원대상자 가점합격 30% 상한제] 선발예정인원이 3명 이하인 장애인 모집도 취업지원대상자 가산점을 받을 수 없나요?,「국가유공자등예우및지원에관한법률」제31조제3항에 따라 취업지원 대상자 가점을 받아 합격하는 수험생이 그 채용시험 선발예정인원의 30%를 초과할 수 없습니다. 이에 따라 장애인 구분모집을 포함하여 모든 모집단위에서 선발예정인원이 3명 이하인 경우에는 취업지원대상자 가점을 적용하지 않은 원 점수를 기준으로 합격자를 결정합니다. 왜냐하면 선발예정인원이 3명 이하인 모집단위에서 취업지원 대상자 가점을 적용하여 1명이라도 합격하게 되면 이미 30% 상한을 초과하기 때문입니다.
90,[취업지원대상자 해당여부 판단시점] 아버지(또는 본인)께서 국가유공자로 인정받기 위한 절차가 진행 중입니다. 가점을 받기 위해서는 언제까지 국가유공자로 지정되어야 합니까?,"6급이하 공무원 채용시험에서 취업지원대상자 가점을 받기 위해서는 본인이 필기시험(7급 공채의 경우 1차 시험) 전일까지 「국가유공자등예우및지원에관한법률」등에 의해 취업지원대상자로 유효하게 등록되어 있어야 합니다. 귀하의 부모님께서 국가유공자로 등록된다고 해도 귀하가 취업지원대상자로 지정되지 않을 수 있고, 또 몇 % 가점대상자인지 모르기 때문에 반드시 지방보훈청 등(보훈부 상담센터 1577-0606)에 가셔서 ‘취업지원대상자 증명서’를 발급하여 확인하신 후 취업지원대상자 가점을 신청하셔야 합니다."
91,[잘못된 가산점 등록시] 필기시험 종료 후 가산점 등록기간에 실수로 잘못된 가산점을 등록하였습니다. 구제방법이 없을까요?,"필기시험을 보고 나서 3일간(마지막 날은 21시까지) 국가공무원채용시스템에서 가산점을 등록할 수 있습니다. 응시자가 등록한 가산점 신청정보를 토대로 관계기관 사전 조회·확인을 거쳐 응시자가 취업지원 대상자 가점비율을 잘못 알고 있거나, 가산대상 및 가산비율을 착오로 등록한 경우에는 관계기관 조회 결과를 성적사전공개 기간에 필기성적과 함께 수험생에게 국가공무원채용시스템에서 알려 드리고 있습니다. 따라서 성적사전공개기간에 수험생이 등록한 가산대상 및 비율을 직접 확인하시고 잘못된 부분이 있는 경우 이의신청을 통하여 잘못된 가산대상 및 비율을 정정하시기 바랍니다.(단, 미등록자는 구제 불가)"
92,"[가산특전 조회․결과 공지] 자격증 소지여부 등을 조회․확인한 후 그 결과를 사전 공지하는 절차가 있다고 하던데, 설명 부탁드립니다.","수험생이 국가공무원채용시스템에 입력한 가산특전 신청내용을 토대로 국가보훈부 및 자격증발급기관 등에 가산점 부여요건 (취업지원대상자 대상여부, 소지 자격증 현황, 가산비율 등)을 조회·확인합니다. 이어 그 결과를 국가공무원채용시스템을 통해 필기시험 성적 사전공개기간에 필기시험 성적과 함께 공개하여 수험생이 직접 확인이 가능합니다."
93,"[취업지원대상자 가점 신청절차] 취업지원대상자인데요, 공무원 시험에서 가점을 받으려면 어떤 절차를 밟아야 하는지 궁금합니다.","먼저, 본인이 취업지원대상자에 해당되는지 여부와 가점비율(5% 또는 10%) 등을 국가보훈부 및 지방보훈청 등(보훈부 상담센터 1577-0606) 또는 정부24 누리집(www.gov.kr)에서 ‘취업지원대상자 증명서’를 발급받아 반드시 확인하시기 바랍니다. 취업지원 대상자 가점을 받기 위해서는 필기시험일(7급 공채의 경우 1차시험일)을 포함하여 3일 이내(마지막날은 21시까지)에 국가공무원채용시스템(gongmuwon.gosi.kr)에 접속하여 가산특전 신청사항을 입력하셔야 합니다. 이후 귀하의 입력정보를 토대로 국가보훈부에 적격여부를 조회·확인하므로 별도로 증명서를 제출하는 절차는 없습니다. 단, 본인이 입력을 잘못하는 등의 사유로 인해 적격여부가 확인이 되지 않을 경우에는 필기시험 성적 사전공개기간에 증빙서류를 제출해야 합니다."
94,[자격증 소지여부 판단시점] 언제까지 자격증을 취득해야만 자격증 가산점을 받을 수 있는 것인지요?,"6급이하 채용시험에서 자격증 가산점을 적용받기 위해서는 필기시험(7급 공채의 경우 2차시험) 시행 전일까지 가산점 적용요건을 충족하시면 됩니다. 이어 필기시험 시행일을 포함하여 3일 이내(마지막날은 21시까지)에 국가공무원채용시스템(gongmuwon.gosi.kr)에 접속해 본인이 소지하고 있는 자격증명과 해당 가산비율을 입력해야 채점과정에서 가산점이 반영됩니다. 참고로 7급 공채의 경우 취업지원대상자 및 의사상자 가점은 1차 시험, 자격증 가산점은 2차시험 시행일을 포함하여 3일 이내에 입력해야 하니 혼동하지 않도록 주의하시기 바랍니다."
95,"[지방인재 선발] 현재는 5급 공채와 7급 공채시험에 지방인재 채용목표제가 적용되고 있는 것으로 알고 있는데, 적용되는 방식이 다른가요?","말씀하신 바와 같이 5급 공채시험 및 외교관후보자 선발시험과 7급 공채시험에 지방인재채용목표제를 적용하고 있습니다.지방인재채용목표제의 제도취지, 적용방법 등은 전체적으로 동일하나 채용목표인원, 추가합격 상한 등에 있어 일부 다른 점이 있습니다.지방인재 채용목표인원은 7급 공채의 경우 ""선발예정인원의 30%"", 5급 공채 및 외교관후보자 선발시험의 경우 ""선발예정인원의 20%입니다. 추가합격 상한은 7급 공채의 경우 ""합격예정인원의 5% 이내"", 5급 공채 및 외교관후보자 선발시험의 경우 ""합격예정인원의 10%이내""입니다. 이 때 5급 공채 및 외교관후보자 선발시험과 7급 공채 시험 모두 1차(PSAT)시험에서는 추가합격 상한을 적용하지 않고 있습니다.보다 자세한 사항은 통합인사지침(인사혁신처 예규)을 참고하시거나 인사혁신처(통합인사정책과, 044-201-8381, 8380)로 직접 문의해 주시기 바랍니다."
96,[면접위원에게 지방인재 정보 제공여부] 어떤 수험생이 지방인재에 해당되는지 여부를 면접위원들에게 사전에 알려줍니까?,"면접시험 전에 면접위원들에게 지방인재채용목표제의 의의와 내용을 설명하긴 하나, 어떤 수험생이 지방인재에 해당하는지에 대한 정보는 일절 공개하지 않은 상태에서 면접을 진행하고 있습니다."
97,"[지방인재 및 양성평등 경합] 필기시험 합격자 결정시, 지방인재채용목표제와 양성평등채용목표제가 경합될 경우 어떤 제도가 우선 적용됩니까?","필기시험 합격자 결정에서 추가 합격자를 결정할 때, 지방인재채용목표제와 양성평등채용목표제가 경합된다면 지방인재채용목표제를 우선 적용하고, 양성평등채용목표제를 후순위로 적용합니다."
98,[외국대학 졸업] 지방소재 고등학교 졸업 후 외국대학을 졸업했습니다. 저도 지방인재채용목표제 적용을 받을 수 있습니까?, 외국학교는 지방학교가 아니므로 외국학교에 재학 중이거나 졸업한 경우는 지방인재채용목표제 적용을 받을 수 없습니다. 지방소재 고등학교 졸업이 아니라 최종학력인 외국대학 졸업을 기준으로 판단하기 때문입니다.
99,[사관학교 중퇴 지방인재 해당 여부] 제가 지방에 소재한 사관학교에 다니다가 중퇴를 하였습니다. 제가 지방인재에 해당하는지 궁금합니다. ,"서울소재 학교가 지방으로 이전한 경우, 이전하는 시점 이전 졸업자는 서울소재 학교를 졸업한 것으로 보아 지방인재에서 제외됩니다. 귀하의 경우, 현재 용인 소재 단국대학교에 재학 중이며, 해당 학교의 이전 시점인 2007년 이전의 졸업자가 아니므로, 지방인재에 해당된다고 할 수 있습니다. 참고로 2007년 단국대학교가 경기도 용인으로 이전하는 시점 이전에 졸업한 수험생은 서울소재 학교를 졸업한 것으로 보아 지방인재에 포함되지 않습니다."
100,[대학 소재지 이전] 서울에 소재한 단국대(본교)로 입학하였으나 동 대학이 2007년 경기도 용인으로 위치 변경되었어요. 현재 용인에 소재한 단국대에 다니고 있는데 저는 지방인재에 해당하는지요?,"교육관계법령에 규정된 대학원 입학·재학·졸업 등의 학력사항은 지방인재 판단기준에 포함되어 있지 않습니다. 귀하께서 질의하신 것처럼 대학원 재학을 제외한 최종학력이 지방소재 대학 졸업이라면 지방인재에 해당됩니다. 보다 자세한 사항은 인사혁신처 통합인사정책과(044-201-8381, 8380)로 문의하시기 바랍니다."
101,[서울소재 대학원 재학] 지방소재 대학을 졸업하고 서울에 있는 대학원에 재학 중입니다. 지방인재에 해당되는지 궁금합니다. ,"통합인사지침(인사혁신처 예규)에 따르면 「고등교육법」제24조상의 ""분교""인 경우에 한해 분교의 소재지를 기준으로 지방학교 해당여부를 판단합니다. 이 기준에 의하면 연세대학교 원주캠퍼스의 경우는「고등교육법」제24조상의 분교로 인정되어 지방학교의 범위에 포함되나, 성균관대학교 수원캠퍼스는 분교가 아니므로 지방학교에 해당되지 않지 않습니다."
102,"[분교, 캠퍼스] 각 대학별 분교는 지방학교로 인정되는 것인지요?",지방인재채용목표제는 매 시험단계별로 지방인재가 합격예정인원의 일정비율 이상이 될 수 있도록 합격예정인원을 초과하여 지방인재를 추가 합격시키는 제도입니다. 필기시험 합격자 중 지방인재가 채용목표비율에 미달하는 경우 그 미달인원만큼 당초 합격예정인원을 초과하여 지방인재를 추가 선발하는 것으로 기존 합격선에 든 非 지방인재 합격자를 탈락시키는 것은 아니므로 非 지방인재가 손해를 보는 것은 아닙니다.
103,"[서울 소재 대학 역차별] 지방인재채용목표제 적용으로 지방대 출신만 우대하는데, 서울 소재 대학 졸업생을 역차별하는 것이 아닌가?","지방인재채용목표제'는 지방인재의 공무원 임용기회 확대를 위해 시험단계별로 합격예정인원을 초과하여 지방인재를 합격시키는 제도로, 국가공무원 5급(지역구분모집은 적용 제외), 외교관후보자, 7급 공채 시험 중 선발예정인원이 10명 이상인 모집단위에서 적용합니다. 적용대상은 서울특별시를 제외한 지역에 소재하는 대학의 졸업(예정)자 또는 서울특별시를 제외한 지역에 소재한 학교를 최종적으로 졸업(예정), 중퇴, 재학, 휴학 중인 수험생입니다. 응시원서 접수 시에 본인이 지방인재에 해당하는지 여부와 본인의 최종학력 사항을 입력하시면 지방인재채용목표제를 적용 받을 수 있습니다. 필기시험 합격자 발표일에 인사혁신처에서 졸업(재학)증명서 등 증빙서류를 알려드리니 안내하는 기간 내에 국가공무원채용시스템(gonguwon.gosi.kr)에 등록(제출)해 주시기 바랍니다."
104,지방인재채용목표제 적용 신청을 언제 하나요? 제출해야 하는 서류가 있나요?,"인사혁신처에서는 서울특별시를 제외한 지역에 소재한 소정의 학교를 최종적으로 졸업(예정).중퇴하거나 재학·휴학 중인 자를 지방인재로 정의하고, 이에 해당하는 지방인재의 공직임용 확대를 위해 5급·7급 공개경쟁채용시험 및 외교관후보자 선발시험에서 지방인재채용목표제를 시행하고 있습니다. 지방인재채용목표제란 매 시험단계별로 지방인재가 합격예정인원의 일정비율(5급·외교관20%, 7급 30%) 이상이 될 수 있도록 합격예정인원을 초과하여 지방인재를 추가 합격시키는 제도입니다. 지방인재채용목표제에 대한 보다 자세한 사항은 인사혁신처 예규인 통합인사지침(Ⅳ-[1]-지방인재채용목표제)을 참조하시거나, 인사혁신처 통합인사정책과(044-201-8381)로 문의하시기 바랍니다."
105,"[지방대 채용우대 제도] 지방대학 출신자 채용우대 정책이 있다고 하던데, 공채시험에서 지방대학 출신을 위한 어떤 제도가 마련되어 있나요?",9급 공채의 경우 어느 한 성의 합격자가 목표인원에 미달할 경우에는 시험령 제25조 및 통합인사지침에 따라 추가합격 요건을 갖추고 전과목 평균득점이 합격선 -3점 이상인 해당 성의 응시자 중에서 점수가 높은 사람부터 차례로 목표미달 인원만큼 추가합격 처리합니다.
106,"[필기시험 추가합격자 결정시 양성평등채용목표제 적용여부] 9급공채의 경우 필기시험 추가합격자를 결정하는 경우가 있던데, 이때에도 양성평등채용목표제가 적용되나요?","양성평등채용목표제 적용으로 필기시험에서 여성 추가합격 가능인원이 1명인데, 추가 합격이 가능한 합격선에 동점인 여성 응시자가 2명 존재할 경우에는 통합인사지침(Ⅱ-4-라. 동점자 처리방법)에 따라 2명 모두를 추가 합격자로 결정합니다."
107,"[양성평등채용목표제 적용시, 동점자 처리방법] 양성평등채용목표제 적용으로 여성 1명을 추가 합격시킬 수 있는 경우, 추가 합격선에 해당하는 여성 응시자 중 동점자가 2명 이상일 때에는 어떻게 합격자를 결정하나요?","9급 행정직 필기시험 합격자를 결정할 때 양성평등채용목표제 적용으로 여성을 추가 합격시킨 경우에는 면접시험에서 일정요건에 해당하는 경우 최종 선발예정인원이 늘어날 가능성이 있습니다. 통합인사지침(인사혁신처 예규)에 따르면 당초 면접시험 합격예정인원에 포함된 여성이 채용목표인원(선발예정인원 &times; 30%)에 미달하는 경우 그 미달인원만큼 선발예정인원을 초과하여 여성을 추가합격시킬 수 있습니다. 또한, 필기시험에서 추가합격된 해당 여성이 면접시험에서 ""우수"" 평정을 받아 면접시험 합격예정인원에 포함된 경우에는 그 인원만큼 반대성인 남성을 추가합격시킬 수 있습니다. 그러나「공무원임용시험령」제25조에 따라 면접시험 위원이 일부 응시자들에게 '미흡(불합격)'에 해당하는 평정을 한 경우에는 최종 선발예정인원이 늘어나지 않을 수 있습니다. 자세한 사항은 인사혁신처 홈페이지에 게시되어 있는 통합인사지침을 확인하시기 바랍니다."
108,"[양성평등목표제 적용에 따른 최종 합격인원 증가] 양성평등채용목표제 적용으로 9급 행정직 필기에서 여성을 추가합격시킨 경우, 최종 선발인원도 증가되나요?","양성평등채용목표제는 여성 또는 남성이 시험실시단계별로 선발예정인원의 일정비율(30%,) 이상이 될 수 있도록 선발예정인원을 초과하여 여성 또는 남성을 추가 합격시키는 제도입니다. 실제 공개경쟁채용시험의 필기시험에서 남성이 동 제도를 적용받아 합격한 사례가 종종 있듯이 이 제도가 반드시 여성만을 우대하는 것은 아니라는 말씀을 먼저 드립니다. 질의하신 내용처럼 필기시험 합격예정인원 중 여성이 채용목표비율(30%)에 미달하는 경우 그 미달인원만큼 당초 합격예정인원을 초과하여 여성 응시자를 추가 선발하더라도 기존 합격선에 든 남성 합격자를 탈락시키는 것은 아니므로 남성이 손해를 보는 것은 아닙니다."
109,[양성평등목표제 적용시 남성 불이익] 양성평등채용목표제를 적용해서 여성에게 합격 우선권을 주면 남성이 손해를 보는데 공채시험의 취지에 맞지 않다고 봅니다.,"인사혁신처에서 시행하는 5·7·9급 공개경쟁채용시험(교정·보호직렬은 제외), 외교관후보자 선발시험 등이 양성평등채용목표제 적용대상이며, 선발예정인원이 5명 이상인 모집단위에 한해 적용됩니다. 인사혁신처가 실시하는 경력경쟁채용시험에 대해서는 필요시 시험계획 공고문에 명시하여 적용하고 있습니다. 양성평등채용목표제 적용대상, 채용목표비율 및 합격자 결정방법 등 자세한 사항은 통합인사지침(인사혁신처 예규)를 참고하시기 바랍니다."
110,[양성평등목표제 적용시험] 양성평등채용목표제는 모든 공무원 채용시험에 적용되는 것인지요?,2015년부터는 확대독서기를 사용하는 중증 시각장애인 수험생들을 위해 A4규격의 82%(10pt)로 축소된 문제지를 제공합니다. 응시원서 접수 시 장애인 편의지원 서비스 중 '축소문제지'를 선택하시면 시험 당일 축소문제지가 제공됩니다.
111,"[축소문제지 제공] 확대독서기를 사용하는 장애인 수험생인데요, 확대문제지 대신에 일정비율로 축소된 문제지를 제공해 주실 수 없나요?",장애인 및 상이등급자로 등록되지 않았더라도 틱 장애 등으로 인해 시험을 볼 때 현실적 어려움이 있는 수험생에게도 필요로 하는 편의지원 서비스를 제공하고 있습니다. 우선 원서접수 기간 또는 사전신청 기간에 편의지원 서비스를 신청하신 후 종합병원에서 발급한 의사진단서 또는 소견서를 인사혁신처가 안내하는 기간 내에 제출하시기 바랍니다. 제출하신 서류와 전문 의료기관의 자문 등을 거쳐 귀하의 장애 유형 및 정도 등을 확인한 후 편의지원 서비스 제공여부를 최종 결정해 알려 드립니다.
112,[틱 장애 편의지원 지원여부] 장애인으로 등록되지는 않았으나 틱장애로 시험을 볼 때 어려움이 많습니다. 편의지원 서비스 제공 받을 수 있나요?,"임산부에게는 별도시험실 배정(좌석간격 조정), 높낮이 조절 책상 제공, 시험 도중 화장실 사용 허용 등의 편의지원 서비스가 제공됩니다. 응시원서 접수 시 위 사항을 신청하시고 이후 본인의 임신 사실을 확인할 수 있는 의사 소견서(임신부의 경우 종합병원 이외에 병원·의원급 의료기관에서도 발급 가능)를 인사혁신처가 안내하는 기간 내에 제출하시면 됩니다."
113,[임신부에게 제공되는 편의지원] 임신을 한 상태인데 이번 9급 시험을 보려니 많은 걱정이 앞섭니다. 임산부에게 제공되는 편의지원 서비스는 없나요?,"장애정도가 심하지 않은 뇌병변 장애에 해당하는 수험생은 별도의 서류제출 없이 확대문제지, 확대답안지, 별도시험실 등을 제공받을 수 있으며, 원칙적으로 시험시간 연장 서비스는 제공되지 않습니다. 다만, 경증인 뇌병변 4~6급에 해당한다 하더라도 손 떨림 등으로 통상의 답안지 작성에 큰 어려움이 있다고 판단되는 경우에는 극히 제한적으로 시험시간이 1.5배 연장될 수 있습니다. 이 경우에는 수험생이 종합병원에서 발급한 의사진단서(장애의 종류 및 정도, 답안지 작성시 불편내용, 필요로 하는 서비스 등이 구체적으로 명시되어 있어야 함)를 제출하시면, 이를 토대로 시험시간 연장 서비스 제공여부를 최종 결정해 알려드립니다."
114,"[경증 뇌병변장애인의 시험시간 연장 제공여부] 뇌병변 4급으로 경증장애인에 해당하지만, 손 떨림 등으로 답안지 작성에 어려움이 많습니다. 저 같은 경우는 시험시간 연장을 받을 수 없나요?","면접시험 평가과정에서 수험생 개개인의 장애종류 및 정도가 선입견으로 작용될 우려가 있기 때문에 원칙적으로 면접시험 위원에게 일체의 정보를 사전에 제공하지 않습니다. 그러나, 면접시험 위원이 응시자의 장애종류 등에 대해 적합한 고려를 해야 하는 경우도 있기 때문에 희망하는 수험생에 한해 면접위원에게 장애종류 등을 미리 알려드리고 있습니다."
115,[면접위원에게 장애특성 등 사전 고지여부] 저는 난치인 청각장애인입니다. 면접위원이 저의 장애종류와 정도를 미리 알고 면접시험을 진행하시나요?,"확대문제지는 A3용지로 제공되고 확대비율은 118%(14pt)와 150%(18pt) 2종류가 있으며, 일부 확대독서기 사용자를 위하여 82%(A4, 10pt)의 축소문제지도 제공하고 있습니다. 응시원서 접수기간에 장애인 편의지원 서비스를 신청할 때, 위 3종류의 문제지 중 하나를 신청하시면 됩니다. 참고로 확대답안지는 A3규격의 기입형과 표기형 답안지를 제공하며, 이 중 하나를 선택하여 답안을 작성할 수 있습니다. 확대·축소문제지나 확대답안지를 제공받는 응시자에게는 별도로 일반 문제지나 일반 답안지를 제공하지 않음을 알려드립니다."
116,[확대 · 축소문제지] 수능시험처럼 시험문제지의 확대비율을 수험생이 직접 선택할 수 있습니까? 확대비율은 어느 정도인가요?,"면접시험 단계에서 의사소통에 어려움이 있는 언어장애인의 경우도 청각장애인에 준해 면접시간 20분 이내 연장, 장애특성 면접위원 사전고지, 의사전달보조요원(수화통역사 등), 필담 면접, 관련자료 서면제공 등의 편의서비스가 제공됩니다."
117,"[언어 장애인을 위한 편의조치] 의사소통이 어려운 청각장애인에게 면접 시 다양한 편의서비스가 제공되는데, 같은 처지인 언어장애인도 동일한 편의지원을 받을 수 없나요?","장애인 수험생이 일반 모집에 응시하더라도 비장애인과 동일한 조건에서 응시가 가능하며, 확대된 문제지 및 답안지 제공, 별도 시험실 제공 등의 편의서비스를 제공받을 수 있습니다. 그러나, 시험결과에 직접적인 영향을 주고 또 악용가능성이 높은 ""시험시간 연장 서비스""는 공개경쟁채용시험의 특성 및 장애인 구분모집제 도입취지 등을 고려하여 일반 모집단위에서는 제공하지 않습니다."
118,[일반 모집에 편의지원 제공여부] 9급 장애인 구분모집이 아닌 일반 모집에 응시하는 장애인 수험생에게도 편의 서비스가 동일하게 적용됩니까?,"결론적으로, 2018년에 시험시간 연장 서비스를 적용받기 위해 의사 진단서(소견서)를 제출한 응시자는 2019년에 동일한 편의지원 서비스를 신청한 경우에 한해 의사 진단서(소견서) 제출이 면제됩니다. 응시자가 제출한 의사진단서(소견서)는 종합병원 발급일로부터 2년이 경과되기 이전에만 유효성을 인정하며, 응시원서 접수마감일이 그 2년 이내에 포함된 시험에 대해서만 진단서(소견서) 제출이 면제됩니다. 예를 들어 2017년에 제출한 진단서(소견서) 발급일이 2017.1.2.이고, 2019년 응시원서 접수 마감일이 2019.1.9.인 시험의 경우에는 응시원서 접수마감일 기준으로 진단서(소견서) 유효 인정기간인 2년이 경과되었으므로 2019년의 해당 시험에서는 다시 진단서(소견서)를 제출해야 합니다."
119,"[의사진단서 제출 면제] 2018년에 의사진단서를 제출하고 시험기간 연장 서비스를 받았는데요, 2019년에 또 다시 의사진단서를 제출해야 하나요?","하지 지체장애인은 별도시험실 배정, 휠체어 전용책상 배치 등의 편의지원 서비스 신청이 가능하며, 이 경우에는 별도의 의사진단서를 제출할 필요가 없습니다. 의사진단서를 제출해야 하는 대상은 다음과 같습니다. ① 뇌병변 장애정도가 심하지 않은 사람(기존 4~6급)이 시험시간 1.5배 연장을 신청한 경우 ② 시각 장애정도가 심한 사람 중 두 눈의 시야가 각각 모든 방향에서 5도 이하로 남은 사람(기존 3급2호) 중 점자사용 필요성을 인정받은 사람 또는 장애정도가 심하지 않은 사람 중 두 눈의 시야가 각각 모든 방향에서 10도 이하로 남은 사람(기존 4급2호) 중 점자사용 필요성을 인정받은 사람이 시험시간 1.7배 연장을 신청한 경우 ③ 시각 장애정도가 심하지 않은 사람 중 나쁜 눈의 시력이 0.02 이하이고, 좋은 눈의 교정시력이 0.3 이하인 사람이 시험시간 1.5배 연장을 신청한 경우 ④특수 및 중복장애, 일시적 신체장애로 인해 응시에 현저한 지장이 있어 시험시간 연장을 신청한자 ⑤ 과민성대장증후군으로 시험 중 화장실 사용 허용을 신청한 자 등입니다. 다만, ⑤의 경우는 서로 다른 종합병원에서 발급받은 의사소견서와 의사진단서를 함께 제출해야 합니다."
120,"[의사진단서 제출 대상] 하체가 불편한 지체장애인입니다. 휠체어 이동이 편리한 시험장을 신청하고 싶은데, 의사진단서를 제출해야 하나요?","시험응시에 큰 불편이 없는 장애인에게 편의지원 서비스를 제공할 경우 공개경쟁채용시험의 실질적 형평성을 크게 저해할 우려가 있기 때문에 전문성과 신뢰성이 인정되는 종합병원(의료법 제3조)에서 발급한 의사진단서만을 제출서류로 인정하고 있습니다. 귀하께서 거주하는 곳에 있는 종합병원은 건강보험심사평가원 홈페이지(www.hira.or.kr)에 접속한 후 메인화면에 있는 ""찾기 서비스"" 코너를 통해 확인할 수 있습니다."
121,"[의사진단서 발급기관] 의사진단서를 제출하는 경우에, “김○○내과”처럼 일반 개인병원에서 발급받은 의사진단서를 제출해도 되나요?","인사혁신처에서 주관하는 9급 공개경쟁채용시험의 저소득층 구분모집에 응시하는 자는 응시원수 접수일 또는 마감일 기준으로 「국민기초생활보장법」에 따른 수급자 또는 「한부모가족지원법」에 따른 지원대상자에 해당하는 기간(급여 또는 지원을 신청한 날)이 계속하여 2년 이상인 경우에 한해 응시자격이 인정됩니다. (단, 수급자 또는 지원대상자에 해당하는 기간이 합산하여(중간 공백없이) 계속하여 2년 이상인 경우도 응시 가능) 이 때, 급여의 종류는 무관합니다."
122,"[급여의 종류] 9급 공채시험 저소득층 구분모집 지원 시 수급자증명서가 있어야하는 걸로 아는데요, 주거급여만 받더라도 수급자 인정이 가능한가요? ",인사혁신처에서 주관하는 9급 공개경쟁채용시험의 저소득층 구분모집에 응시하는 자는 응시원수 접수일 또는 마감일 기준으로 「국민기초생활보장법」에 따른 수급자 또는 「한부모가족지원법」에 따른 지원대상자에 해당하는 기간(급여 또는 지원을 신청한날)이 계속하여 2년 이상인 경우에 한해 응시자격이 인정됩니다. 귀하의 말씀처럼 위 해당법률에 의한 수급기간 및 지원기간이 합산하여(중간 공백없이) 연속하여 2년 이상인 경우에는 저소득층 구분모집 응시자격이 인정됩니다.
123,"[보호기간 및 수급기간 합산] 나이 제한으로 한부모가족지원법에 따른 지원대상자 자격이 사라지고, 기초생활수급자 기준을 충족하여 수급자 자격을 취득했습니다. 이 때 이전의 지원대상자 기간도 합산하여 계산 가능합니까?",공무원임용시험령 제2조에 의거 국가직 9급 공개경쟁채용시험 저소득층 구분모집 응시대상은「국민기초생활보장법」에 따른 수급자와 「한부모가족지원법」에 따른 지원대상자만 해당됩니다. 원칙상 차상위 계층은「국민기초생활보장법」에 따른 수급권자 아니기에 저소득층 구분모집에 응시할 수 없습니다. 다만 「국민기초생활보장법」제14조의2에 따라 차상위 계층이라도 예외적으로 수급권자로 인정되는 경우에는 그 인정기간이 응시원서 접수일 또는 접수마감일까지 계속하여 2년 이상인 경우에 저소득층 구분모집에 응시할 수 있습니다.
124,[차상위 계층] 차상위 계층도 저소득층 구분모집에 응시원서를 낼 수 있나요?,"군복무(현역, 대체복무)로 인하여 그 기간에 급여(지원) 대상에서 제외된 경우에도 가구주가 그 기간에 계속하여 수급자(지원대상자)로 있었다면 응시자도 수급자(지원대상자)에 해당하는 것으로 봅니다. 다만, 군복무 종료 후 다시 수급자(지원대상자)로 결정되어야 기간의 계속성을 인정하며, 이 경우에도 급여(지원)의 신청을 기간 종료 후 2개월 내에 하거나, 급여(지원)의 결정이 기간 종료 후 2개월 내여야 합니다. 따라서 귀하의 경우, 비록 수급자 결정이 기간 종료 후 2개월을 넘어서 이루어졌지만, 귀하께서 전역 후 2개월 이내에 급여 신청을 하셨으므로, 기간의 연속성이 인정됩니다."
125,"[저소득층 구분모집 응시요건 판단] 군 입대 전까지 수급자 급여를 받다가 군대를 갔고, 가구주는 계속 급여를 받았습니다. 2021.5.17 전역 후 2021. 6. 9 다시 수급자 신청을 했습니다. 그런데 2021.7.24.에 수급자 결정이 된 경우, 저소득층 전형으로 응시 가능한가요? ","저소득층 구분모집의 합격선이 해당 직렬의 일반인 모집 합격선 보다 더 높은 경우, 공무원임용시험령 20조의4 제2항에 따라 일반인 모집의 합격선 이상의 점수를 받은 저소득층 응시자는 당초의 선발예정인원을 초과하여 합격될 수 있습니다. 가령, 세무직 저소득층 구분모집 합격선이 365점이고 세무직 일반모집 합격선이 359점인 경우, 위 규정에 따라 저소득층 구분모집 응시자 중 359점 이상 365점 미만의 수험생은 저소득층 구분모집 선발예정인원을 초과하여 합격 처리됩니다. 이 경우 면접시험에서는 필기시험 초과합격인원의 67%의 범위 내에서 선발예정인원을 초과하여 최종 합격자(당초 선발예정인원 + 필기시험 초과합격인원 * 0.67)를 결정할 수 있습니다. * 초과합격인원 산정시 소수점 이하는 버림"
126,[저소득층 합격선이 더 높은 경우] 일반 모집에서는 합격할 점수인데 저소득층 구분모집의 합격선이 더 높아 탈락한다면 오히려 불이익을 받는 것 아닌가요?,"공무원임용시험령 제20조의4 제1항에 따라, 9급 공개경쟁채용시험에서 선발예정인원의 100분의 2이상에 해당하는 인원을 저소득층으로 의무 선발하고 있습니다. 다만 선발예정인원이 5명 미만인 시험단위에서는 저소득층을 별도 선발하지 않으므로 매년도 1월에 발표되는「국가공무원 공개경쟁채용시험 계획」을 통해 저소득층 모집단위 및 인원 등을 확인하시기 바랍니다."
127,[저소득층 선발규모] 인사혁신처에서 시행하는 9급 공개경쟁채용시험에서 전체 채용인원 중 저소득층 채용비율은 어느 정도인지요?,"국민기초생활보장사업은 보건복지부에서, 한부모가족지원사업은 여성가족부에서 각 지방자치단체를 통해 시행하고 있습니다. 따라서 본인의 주민등록상 주소지의 시·군·구청‧행정복지센터에 가시면 본인이 수급자(지원대상자)에 해당되는지 또 수급(지원)기간은 어떻게 되는지 등을 확인할 수 있습니다."
128,[저소득층 여부 확인] 저소득층 구분모집에 응시하고 싶은데 제가 저소득층인지 어디에서 확인해야 하나요?,응시원서 접수 전에 본인이 기초생활수급자에 해당하는지 여부를 반드시 본인 소재지 관할 시·군·구청 및 주소지 관할 행정복지센터에 확인하시기 바랍니다. 저소득층 구분모집에 응시하기 위해서는 응시자 본인이 「국민기초생활보장법」에 따른 수급자로 결정되어 수급자로 신청한 날로부터 원서접수일 또는 원서접수 마감일까지 수급자 자격을 2년간 계속하여 유지해야만 합니다. 따라서 부모님이 수급자에 해당하는지 여부와 관계없이 귀하가 위 사항에 해당되지 않는다면 저소득층 구분모집에 응시할 수 없습니다.
129,[응시자격] 부모님은 기초생활수급자인데 저는 수급자가 아닙니다. 이런 경우 제가 저소득층 모집에 응시할 수 있는지요?,"지원공상군경(*공상은 맞으나 상처를 입을 당시 일부 본인 부주의가 포함됨이 인정되는 공상군경)도「국가유공자등예우및지원에관한법률 시행령」 제14조제3항에 따른 상이등급에 해당하므로 장애인 구분모집 응시대상에 포함됩니다. 또한 지원공상군경에게도 관계법령에 의해 일정비율의 취업지원 대상자 가점이 부여됩니다. 그러나, 개인별로 적용되는 기준이 다를 수 있기 때문에 본인이 취업지원 대상자로 등록되어 있는지, 몇 퍼센트의 가점을 받을 수 있는지 등에 대한 정확한 정보는 국가보훈부 및 지방보훈청 등(보훈부 상담센터 ☏1577-0606)으로 본인이 직접 사전에 확인하시기 바랍니다."
130,[지원공상군경] 지원공상군경 7급으로 등록되어 있는 경우도 장애인 구분모집 응시가 가능합니까? 취업지원 가산점도 부여됩니까?,"장애인 구분모집 응시대상은 「장애인복지법 시행령」제2조에 의하여 등록된 장애인과 「국가유공자 등 예우 및 지원에 관한 법률 시행령」제14조제3항의 규정에 의한 상이등급에 해당하는 자입니다. 이 때,「보훈보상대상자 지원에 관한 법률」제6조에 의한 신체검사를 통해 상이등급 판정을 받은 보훈보상대상자(재해부상 군경)는 동 법률 제6조제2항에 따라「국가유공자 등 예우 및 지원에 관한 법률 시행령」상의 상이등급자와 동일한 판정 효력을 인정받게 됩니다. 따라서 보훈보상대상자로 상이등급 판정을 받은 재해부상군경은 장애인 구분모집에 응시자격이 인정됩니다. 보다 자세한 사항은 국가보훈부 및 지방보훈청(보훈상담센터 1577-0606)로 문의하시기 바랍니다."
131,[보훈보상대상자] 「보훈보상대상자지원에관한법률」에 따라 재해부상군경으로 지정된 자도 장애인 구분모집 응시자격이 인정되나요?,"응시원서 접수마감일 기준으로 관계법령에 따라 장애인으로 유효하게 등록되어 있었다면 응시원서 접수 이후 장애 재판정을 통해 장애인 등록이 취소되었더라도 장애인 구분모집 응시자격은 그대로 유지됩니다. 덧붙여, 최종합격 후 공무원으로 임용된 이후 장애인 등록이 취소되더라도 공무원 임용사실에는 아무런 영향이 없습니다."
132,"[원서접수 후 장애인 등록 취소] 응시원서 접수 당시에는 장애6급이었으나, 이후 재판정을 받아 장애인 등록이 취소되었습니다. 이 경우 장애인 구분모집 응시자격이 박탈되는 것인지요?","국가직 7급 및 9급 공개경쟁채용시험에서 일부직렬(교정·보호·검찰·마약수사·출입국관리·철도경찰 등)을 제외한 직렬(류)에서 장애인만이 응시할 수 있는 장애인 구분모집제를 시행하고 있습니다. 매년 1월에 공고되는「국가공무원 공개경쟁채용시험 계획」을 통해 장애인 구분모집 직렬과 선발예정인원을 확인하시기 바랍니다. 또한, 원서접수마감일 기준으로 장애인복지법 시행령 제2조에 따른 장애인 또는 국가유공자 등 예우 및 지원에 관한 법률 시행령 제14조제3항에 따른 상이등급기준에 유효하게 등록되어 있다면 장애인 구분모집에 장애의 종류 및 등급에 관계없이 응시할 수 있습니다."
133,[장애인 모집단위 별도공고] 장애인만이 응시하는 장애인 채용공고가 별도로 나는 것인가요? 그리고 장애 등급에 관계없이 응시가 가능한가요?,"장애인 및 상이등급에 해당하는 수험생은 장애인 구분모집단위 이외에 일반 모집단위에도 일반 수험생과 동등한 조건하에서 시험 응시가 가능합니다. 다만, 장애인 편의지원 서비스 중 중증 상지지체 및 뇌병변장애인, 시각장애인 등에게 제공되는 시험시간 연장은 장애인 모집단위에 한해서만 제공됩니다."
134,[장애인의 일반모집 응시 가능여부] 상이등급에 해당하는 유공자입니다. 7․9급 공채의 장애인 구분모집이 아닌 일반인 모집에도 응시가 가능합니까?,"장애인 구분모집(장애인고용촉진및직업재활법 시행령 제3조, 공무원임용시험령 제2조)과 취업지원대상자 가점 적용(국가유공자등예우및지원에관한법률 제31조)은 각각 다른 법령의 적용을 받는 것으로 관계법령에 의해 취업지원 대상자로 지정된 자는 어느 모집단위(일반 모집 또는 장애인 구분모집)에 응시하더라도 취업지원 대상자 가점을 부여받을 수 있습니다."
135,[장애인 모집 응시자 가산점 적용 여부] 저는 상이등급 판정을 받은 유공자입니다. 장애인 구분모집에 응시하더라도 취업지원 가산점을 부여받을 수 있는지요?,"근무예정지역 또는 근무예정기관을 미리 정하여 실시한 지역별 구분모집 합격자는 공무원임용령 제45조제8항의 규정에 따라 당해 지역 또는 당해 기관 임용일로부터 5년 이내에는 다른 지역 또는 다른 기관으로 전보가 금지되나, 5년이 경과된 이후에는 다른 지역 또는 다른 기관으로 전보가 가능합니다."
136,[전보 제한] 지역별 모집에 응시하여 합격하면 계속해서 그 지역에서만 근무를 해야 하나요?,2025년도 9급 공개경쟁채용시험의 지역 구분모집을 보면 대구와 경북은 하나의 모집단위로 구성되어 있습니다. 따라서 2025년 1월 1일을 포함하여 1월 1일 전 또는 후로 연속하여 3개월 이상 대구 또는 경북지역에 주민등록이 유지된 경우라면 9급 행정직 [대구·경북] 모집단위에 응시할 수 있습니다..
137,[모집단위내의 거주지 이전] 9급 대구·경북 지역모집 응시자입니다. 개인사정으로 1월에 대구에서 경북으로 주소를 옮겨야 합니다. 이러면 응시자격이 없어지나요?,"2025년도 국가직 9급 공개경쟁채용시험 부산 지역모집에 응시하고자 하는 자는 2025년 1월 1일을 포함하여 전 또는 후로 연속하여 3개월 이상 부산시에 주민등록이 되어 있어야 유효한 응시자격을 인정받을 수 있습니다. 이에 따르면, 귀하는 울산·경남 지역모집에 응시할 수 있으나 부산 지역모집에는 응시할 수 없음을 알려드립니다."
138,"[9급 지역모집, 거주지 제한요건 판단] 제가 1996년부터 계속해서 부산에 살았고, 지난해(2024년) 11.15.에 경남 김해로 주소지를 옮겨 올해 2.23.까지 살았습니다. 이런 경우 국가직 9급 부산 지역모집에 응시할 수 없나요?","국가공무원 9급 공개경쟁채용시험의 지역 구분모집과 지방공무원 시험의 거주지 제한규정은 아래와 같이 서로 다르게 규정되어 있습니다. 귀하의 경우는 강원도에서 주관하는 시험의 거주지 제한 요건은 갖추었지만, 인사혁신처에서 주관하는 국가공무원 9급 공개경쟁채용시험의 거주지 제한요건(2025.1.1.을 포함하여 1월 1일 전 또는 후로 연속하여 3개월 이상 당해지역에 주민등록이 되어 있어야 함)은 충족하지 못했으므로 필기시험 합격이 취소된 것입니다. 아마도 응시원서 접수시 지방공무원 시험의 거주지 제한요건과 혼동을 하신 것 같습니다. 이러한 거주지 제한 규정은 매 연도마다, 또 기관별로 달리 정할 수 있으므로 앞으로는 시험주관기관에서 발표하는 시험계획 공고문을 반드시 확인하신 후 응시원서를 접수하시기 바랍니다."
139,"[9급 지역모집, 거주지 제한요건 미충족으로 합격취소] 과거에 계속해서 강원도에 살다가 작년 12월에 대전으로 주민등록을 옮겼습니다. 제가 9급 강원지역 모집에 합격했는데 합격취소라니 혼란스럽습니다. ","9급 공개경쟁채용시험 일반행정직 지역모집 합격자는 대부분 지방병무청, 지방중소벤처기업청,  지방노동청, 지방기상청, 지방해양항만청, 지방국토관리청, 지방국도관리사무소 등 지방소재 특별지방행정기관에 임용됩니다. 우정사업본부 등 근무예정기관을 미리 정하여 선발한 지역모집 합격자는 해당지역 소재 우체국 등에 우선 임용됩니다."
140,[9급 발령기관 구체적 안내] 9급공채 지역별 모집에 합격하면 구체적으로 어느 기관에서 근무를 하게 되는 것인지요?,"9급 공개경쟁채용시험의 일반행정직 광주·전남 지역모집에 응시하는 수험생은 현행 응시원서 접수 시스템상 필기시험을 광주 또는 전남지역에서만 응시할 수 있으며, 광주·전남 이외의 다른 지역을 선택할 수 없습니다."
141,[지역모집 수험생의 응시 희망지역 선택] 9급 행정직 광주·전남지역 모집에 응시하는 수험생입니다. 광주․전남이 아닌 서울에서 시험을 볼 수 있나요?,"9급 공개경쟁채용시험의 서울·인천·경기 지역모집은 주민등록상 거주지에 관계없이 누구나 응시가 가능합니다. 다만, 5급 공개경쟁채용시험 서울 지역모집은 다른지역 모집과 마찬가지로 2019년 1.1. 현재 주민등록상 서울 지역에 거주한 기간이 모두 합산하여 1년 이상이거나, 본인의 출신학교 소재지가 서울인 경우에 한해 응시자격이 인정됩니다. 응시원서 접수 시 착오가 없도록 국가공무원채용시스템에 게시된 「2019년 국가공무원 공개경쟁채용시험 계획」의 응시자격을 꼼꼼히 확인하시기 바랍니다."
142,[5급 서울·인천·경기 응시요건 제한] 5급공채 서울지역 모집도 9급과 같이 주민등록이나 출신학교에 관계없이 누구나 응시할 수 있나요?,"5급 공개경쟁채용시험 지역별 구분모집의 출신학교 소재지를 판단할 때, 특정대학의 소속 단과대학이 2개 이상의 시·도에 분산되어 있다면 수험생이 실제 다녔던 단과대학 소재지를 기준으로 응시요건 충족여부를 판단합니다. 따라서 귀하는 서울이 아니라 자연계열 단과대학이 있는 경기 지역모집에만 응시할 수 있습니다."
143,"[5급 지역모집, 출신학교 소재지 판단] 성균관대 인문계열은 서울에, 자연계열은 수원에 있습니다. 자연계열 출신인 저는 서울 지역모집에 응시할 수 없나요?","5급 공개경쟁채용시험 지역별 구분모집의 응시요건 중 출신학교 소재지를 기준으로 볼 때, 귀하가 졸업한 초 · 중 · 고교의 소재지에 해당하는 지역모집과 현재 최종적으로 편입 · 휴학 중인 대학교의 소재지인 충북 지역모집에 응시가 가능합니다. 최종학력이 아닌 초 · 중 · 고교 및 대학의 소재지는 졸업한 경우에 한해서만 해당 지역모집의 응시요건을 충족한 것으로 보기 때문에 충남 소재 대학교에 재학했던 사실만으로는 충남 지역모집에 응시할 수 없습니다."
144,"[5급, 출신학교 소재지 판단] 충남에 있는 대학교 재학 중에 충북 소재지의 대학교로 편입하였으며 현재는 휴학 중에 있습니다. 저는 어느 지역모집에 응시할 수 있나요?","5급공채 지역별 구분모집에 응시하기 위해서는 주민등록상 거주지 또는 본인의 출신학교 소재지 등의 요건을 충족해야 합니다. 귀하가 문의하신 출신학교를 기준으로 볼 때 최종학교가 아닌 초 · 중 · 고교와 대학은 졸업한 학교만 인정하지만, 최종학교인 초 · 중 · 고교와 대학, 대학원은 졸업, 중퇴, 재학, 휴학, 제적 중인 경우에도 인정됩니다. 따라서, 귀하의 최종 학력사항이 경기도 소재대학 제적상태라면 5급 경기도 지역모집에 응시가 가능합니다."
145,"[대학 제적사실, 5급 지역모집 출신학교 판단] 제가 경기도 소재대학을 다니다 현재 제적상태입니다. 제적이더라도 5급 경기지역 모집에 응시자격이 인정됩니까?","지자체별로 시행하는 지방직 공채의 거주지 제한규정과 달리, 인사혁신처가 주관하는 5급공채의 지역별 구분모집의 거주지 제한규정은 우수인재 선발차원에서 현재의 행정구역으로만 판단하지 않고, 과거의 주민등록상 주소 변동사항을 모두 고려하여 판단하고 있습니다. 귀하의 경우 2019.1.1. 현재를 기준으로 주민등록상 과거 충남도 대덕군을 포함하여 충남 소재 지역에 1년 이상 거주하였고, 1989년 대전시로 편입된 이후 대전 지역에서 1년 이상 거주하였다면 충남 또는 대전 지역모집에 응시가 가능합니다."
146,"[5급공채, 지역모집의 거주지 제한규정] 1989년에 충남 대덕군이 대전시 대덕구로 편입되었는데요. 제가 5급 지역모집을 선택할 때 충남도 선택이 가능합니까?","2019.1.1. 현재를 기준으로 종전 행정구역상으로 충남도 공주시에서의 주민등록상 거주기간이 1년 이상이고, 2012.7.1. 세종특별자치시 출범 이후 세종특별자치시에 주민등록상 거주기간이 1년 이상이라면 귀하는 충남과 세종 지역모집에 모두 응시자격이 인정됩니다. 다만, 종전의 충남도 공주시 지역 중 세종특별자치시 관할구역에 포함되지 않고 여전히 충남도 관할구역에 있는 지역 거주지는 충남 지역모집만 응시가 가능합니다."
147,"[5급, 세종/충남 지역모집 거주지 제한규정] 중학교 이후로 계속해서 공주시에 사는데, 세종시 출범으로 충남도에서 세종시로 행정구역이 변경되었습니다. 제가 2019년에 5급지역모집에 응시할 때 어느 모집에서 응시가 가능합니까?","5급 공개경쟁채용시험 지역별 구분모집의 1년 이상 거주요건은 주민등록을 기준으로 판단합니다. 따라서 군 복무기간 동안 강원지역으로 주민등록을 옮기지 않았고, 여타 다른 요건(출신학교 소재지 등)을 충족하지 못했다면 강원 지역모집에 응시할 수 없습니다."
148,"[5급 지역모집, 군 복무지역 응시 가능여부] 강원도에서 2년 2개월간 군복무를 했습니다. 이 경우에 5급공채 강원 지역모집에 응시할 수 있습니까?","먼저, 귀하의 연기군 소재 고등학교 졸업 시점을 기준으로 볼 때, 2012.7.1. 세종특별자치시 출범 전에 졸업한 경우라면 충남 지역모집에, 출범 이후에 졸업한 경우라면 세종 지역모집에 응시자격이 인정됩니다. 다만 귀하가 졸업한 고등학교가 세종특별자치시에 편입되지 않고 현재도 여전히 충남도 관할구역에 남아 있다면 충남 지역모집에만 응시가 가능합니다. 또한, 현재 세종특별자치시 관할구역 내의 대학을 다니는 사실을 기준으로 보면 세종 지역모집에 응시자격이 인정됩니다."
149,"[5급, 세종/충남 지역모집 출신학교 소재지] 제가 연기군 소재의 고교를 졸업하고, 현재는 세종특별자치시 관할구역 내에 있는 대학을 다니고 있습니다. 5급 지역모집 중 어느 지역에 응시가 가능합니까?","지역별 구분모집은 해당지역 출신 인재를 발탁하여 충원하기 위한 것으로 지방공무원이 아니더라도 자신의 연고지에서 공직생활을 하고자 하는 수험생들의 요구를 반영한 제도입니다. 한편 전국을 하나의 모집단위로 채용시험을 실시하는 경우, 합격자(임용예정자)의 의사와 다르게 전혀 연고가 없는 지역으로 임용될 수 있습니다. 이러한 경우 많은 신규 임용자들이 임용포기, 면직을 하거나 다른 기관으로 전출을 가는 경우가 많이 발생하고 있어 정부 인력운영에 상당한 차질을 빚고 있습니다. 인사혁신처에서는 이러한 측면을 고려하여 국가직 공개경쟁채용시험에서 지역별 구분모집을 시행하고 있습니다. 아울러 지역별 구분모집을 통해 임용된 공무원은 해당 기관 및 지역에서 일정기간(5년) 이상을 근무해야 다른 기관 또는 다른 지역으로 옮길 수 있는 전보제한 규정을 두어 형평성을 유지하고 있다는 말씀을 드립니다."
150,"[9급 지역별 구분모집제 폐지 건의] 지역별로 모집함으로써 특정지역의 합격선이 지나치게 높거나 낮다면 향후 기관간, 지역간 전보 등을 생각할 때 형평성에 어긋날 수 있다고 봅니다.",5급 공개경쟁채용시험 지역별 구분모집에 응시하여 합격한 수험생은 국가공무원인재개발원에서 신임관리자과정을 수료한 이후 지방공무원법 제27조 및 지방공무원임용령 제27조의3에 따라 해당 지방자치단체의 지방사무관으로 임용됩니다. 구체적인 발령기관 및 근무지역은 해당 지자체의 인사여건 등에 따라 결정됩니다.
151,[5급 지역모집 발령기관] 5급 공채시험 지역별 구분모집에 응시하여 합격하면 어느 기관으로 발령을 받게 됩니까?,"인사혁신처에서 주관하는 공개경쟁채용시험은 인터넷 원서접수 방식을 취하고 있으며, 응시원서 취소기간이 종료되고 출원인원이 확정된 이후에 응시번호를 부여하고 있습니다. 이때, 부정행위 방지차원에서 응시번호는 전산을 통해 무작위 배정을 하고 있으므로 설령 귀하가 친구 분과 연달아 응시원서를 접수했다 하더라도 응시번호를 연속으로 부여받을 가능성은 없습니다."
152,"[응시번호 부여] 친구와 원서접수를 같이하면, 응시번호가 연속으로 부여되어 시험장에서 앞뒤로 앉아 시험 볼 수 있나요?","주소, 휴대폰 번호, 전자우편 등의 정보는 원서 접수기간 종료 후라도 언제든지 국가공무원채용시스템의 개인정보 수정 메뉴에서 본인이 직접 수정 가능합니다. 그러나 성명, 주민등록번호 등의 필수 인적정보는 수험생이 임의적으로 변경할 수 없습니다."
153,"[연락처 등 수정] 응시원서를 제출한 이후, 연락처가 바뀌었습니다. 어떻게 해야 하는지요?","주민등록이 말소되었더라도 응시원서 접수가 가능합니다. 원서접수 시 말소되기 전의 주민등록번호를 입력하시면 해당 번호를 근거로 행정안전부(주민과)에 조회하여 귀하의 신분을 확인합니다.  다만, 늦어도 필기시험 합격자 발표일까지는 주민등록 말소상태를 반드시 해소하셔야 합니다."
154,"[주민등록 말소자 원서접수 가능 여부] 민방위 훈련에 불참하여 주민등록이 말소되었는데, 주민등록 말소자는 응시원서를 제출할 수 없나요?","사물의 원래 색을 구분하지 못하는 증상을 ""색각 이상""이라고 하고, 이에는 색맹이나 색약 등의 증상도 포함이 됩니다. 그러나, 색약 또는 색맹에 해당한다 하여 즉시 불합격 판정을 받는 것이 아니라, 신체검사 담당의사가 귀하의 눈 상태와 담당예정업무 등을 고려하여 업무수행에 큰 지장이 있는지 여부를 판단해 합격여부를 결정합니다. 만약, 그 질환의 정도가 일상생활이 가능한 정도라면 색을 구분하는 업무 또는 연구·기술직 등 특수 업무직을 제외하고는 신체검사에서 합격 판정을 받으실 수 있습니다."
155,"[색약, 색맹] “업무수행에 큰 지장이 있는 색각”이 신체검사 불합격 대상이던데, 색약 또는 색맹도 이에 해당되는 것인지요?",「공무원채용신체검사규정」 별표에 의거 신체검사 합격/불합격 판정은 특정질환 유무가 아닌 업무수행에 큰 지장이 있는지 여부에 따라 결정됩니다. 이에 따라 신체검사 담당의사가 해당 질환의 정도 등을 고려하여 업무수행에 큰 지장이 있는지 여부를 판정하여 합격여부를 결정합니다. 아울러 귀하의 질환이 업무수행에 큰 지장을 줄 수 있는지 여부를 사전에 확인받고자 하는 경우에는 「공무원채용신체검사규정」을 지참하여 담당 전문의 또는 가까운 종합병원이나 보건소에 가셔서 상담 받으시기 바랍니다.
156,[구체적 판정기준] “직무 수행에 큰 지장이 있는 말단비대증” 이라면 어느 정도인지 그에 대한 구체적인 판단기준을 알고 싶습니다.,"7·9급 공채 신체검사서는 통상 최종합격자 발표 후, 부처가 배정되어 임용되기 직전에 제출합니다. 따라서 응시원서 접수일 또는 면접시험일에 불합격 대상이 되는 질환을 가지고 있더라도 최종합격 후 신체검사 당시에 모두 치유가 되었다면 신체검사에서 합격될 수 있습니다. 신체검사서의 유효기간은 1년이므로 이 기간을 감안하여 미리 신체검사를 받아 합격판정을 받은 후 공무원 채용시험에 응시하셔도 무방합니다. 참고로, 5급 공채 합격자는  채용후보자 등록 후 지정된 기간에 인사혁신처에 신체검사서를 제출해야 합니다."
157,"[신체검사서 제출시기 및 유효기간] 공무원 신체검사서 제출시기는 언제이며, 신체검사서의 유효기간은 ?","공무원 채용시험 응시에 필요한 자격증을 정한 직렬(전산 · 간호 · 사서 · 항공 · 의무 등)은 「공무원임용시험령」 제18조에 정하고 있으며, 이에 사회복지직렬은 포함되어 있지 않습니다. 따라서, 인사혁신처가 주관하는 5급 공개경쟁채용시험의 사회복지직렬에 응시하는 경우 사회복지사 자격증이 없더라도 무방합니다. 다만, 각 부처 및 지자체 등에서 실시하는 사회복지직 경력경쟁채용시험에서는 사회복지사 자격증 소지를 응시자격으로 정한 경우가 있습니다."
158,"[5급공채, 사회복지직렬] 5급 공채 사회복지직렬을 응시하려고 하는데, 사회복지사 자격증이  반드시 있어야 하나요?","국가공무원 공개경쟁채용시험은 연령, 학력에 관계없이 누구나 공직에 진입할 수 있도록 운영하고 있습니다. 이로써 국민의 직업선택의 기회가 확대되고, 다양한 민간 경력자의 공직진출이 촉진되는 등 많은 성과를 내고 있습니다. 또한, 소방공무원이나 부사관 등 일부 응시상한 연령 제한이 필요한 분야에서는 현재에도 응시상한 연령을 유지하고 있습니다. 더불어, 2008년에 헌법재판소에서도 응시상한연령 제한이 헌법상의 과잉금지 원칙을 위배하고 공무담임권을 침해한다는 이유로 헌법불합치 결정을 한 바 있습니다. 따라서 현재로서는 응시 상한연령을 재도입하는 것은 현실적으로 어렵다는 말씀을 드립니다."
159,[응시 상한연령 도입] 40대 이상도 공무원 시험을 많이 보게 되다 보니 한창 취업을 해야할 20~30대가 붙기 더 어려워지는 것 같아요. 또 지나치게 오래 공부하는 장수 수험생들도 문제구요. 응시 상한연령을 둘 수는 없는 건가요?,"9급 행정직의 응시연령은 18세 이상으로, 2025년의 경우 2007.12.31. 이전 출생자라면 9급 행정직 시험 응시가 가능합니다."
160,[응시연령 계산방법] 제 생일이 2007년 7월 1일인데 2025년 4월 5일 시행 예정인 9급 행정직 시험에 응시할 수 있나요?,"9급 공개경쟁채용시험 중 교정.보호직렬의 응시연령은 다른 직렬(18세 이상)과 달리 20세 이상입니다. 2025년 9급공채 교정직렬의 응시연령을 충족한 자는 2005.12.31. 이전 출생자이므로 귀하는 교정직렬 응시가 불가합니다. 다만, 9급공채 교정.보호직렬이 아닌 타 직렬의 응시연령(18세 이상)은 충족하였으므로 응시가 가능합니다."
161,"[9급 교정․보호직 응시연령] 9급 응시연령이 18세 이상이던데, 2007년생인 저는 2025년 9급 교정직렬 시험을 볼 수 있겠죠.",9급 공개경쟁채용시험의 응시연령은 18세 이상(교정.보호직은 20세이상)으로 2025년의 경우 2007.12.31. 이전 출생자라면 누구나 응시연령 요건을 충족하여 시험 응시가 가능합니다. 귀하께서 문의하신 응시 상한연령은 2009년도에 폐지되었으므로 공무원 정년(60세)에 도달하기 전까지는 9급 공무원 시험에 응시가 가능합니다.
162,[응시상한연령 문의] 제가 1970년생으로 일반회사에 다니고 있습니다. 9급 시험은 몇 살까지 볼 수 있는 것인지요?,"별도의 학력제한이 없는 공개경쟁채용시험과는 달리, 경력경쟁채용시험은 채용과 관련된 분야의 학위, 경력 및 자격증 소지 등을 응시요건으로 하고 있습니다. 아울러 경력경쟁채용시험은 채용 직위에 따라 자격요건을 달리 정하고 있으므로, 나라일터 등을 통해 시험실시기관 별로 공고한 시험공고문 등을 확인하시기 바랍니다."
163,"[경력경쟁채용시험에서의 학력제한] 학력제한이 없다더니, ○○기관에서 시행하는 공무원 시험에서 관련분야 석사 학위자로 응시자격을 제한하던데요?","공무원 공개경쟁채용시험에서는 학력 제한이 없으므로 별도로 학력 관련 서류를 제출할 필요가 없습니다. 또한 특정 분야의 학위 소지를 응시요건으로 하는 경력경쟁채용시험에 있어서도 고교 생활기록부나 성적증명서를 요구하지 않습니다. 다만, 각 지역의 특성화고, 마이스터고, 전문대학교(전문학사 학위과정) 등의 우수 졸업(예정)자를 대상으로 하는 전국 지역인재 9급 수습직원 선발시험의 경우는 응시요건 충족여부 확인을 위해 예외적으로 성적증명서를 제출받는 경우가 있습니다."
164,"[고교 생활기록부] 공무원 시험을 볼 때 고등학교 생활기록부나 성적증명서를 제출해야 한다는 말이 있던데, 어떤 경우인가요?","공무원 공개경쟁채용시험에서 학력을 이유로 응시자격을 제한 당하거나, 시험 단계에서 피해를 보는 경우는 없습니다. 인사혁신처는 응시원서에서 학력란을 폐지함으로써 수험생의 학력 정보를 일절 수집하지 않고 있으며, 이후 시험단계에서도 학력정보를 조회하는 절차는 없습니다. 특히, 면접시험에서는 시험위원에게 응시자의 필기시험 성적, 학력, 경력 등의 정보를 일절 제공하지 않는 직무역량 중심의 배경 블라인드 면접방식을 시행하고 있기 때문에 고졸 학력을 이유로 불이익을 받는 일은 절대 없습니다."
165,"[고졸 응시자 불이익 여부] 고졸자도 동등하게 공무원 시험을 볼 수 있다고 하지만, 면접 볼 때 학력을 이유로 불이익을 받을 것 같은데요?","국가공무원채용시스템에서 응시원서 접수 전에 주민등록번호로 수험생 실명인증이 되어야 이후 응시원서 접수절차가 진행됩니다. 귀하와 같이 주민등록이 말소된 재외국민(외국인도 포함)은 별도의 확인절차(국내거소신고증 등)가 필요하오니 7급 및 9급 공채시험의 경우 인사혁신처 공개채용1과(044-201-8242~8251), 5급 공채 및 외교관후보자선발시험의 경우 공개채용2과(044-201-8257,8258)로 연락주시면 조치하여 드리겠습니다."
166,[주민등록 말소자/외국인 원서접수] 캐나다 영주권을 가지고 있고 주민등록이 말소된 상태입니다. 응시원서 접수를 하려면 어떻게 해야 하나요?,"국내에 거소 신고된 재외국민도 일정한 거주지 요건만 갖추고 있다면 9급 공개경쟁채용시험의 지역별 구분모집에 응시자격이 인정됩니다. 가령, 귀하가 행정직(일반행정) 대구·경북지역 구분모집에 응시하고자 한다면 2019.1.1일 포함하여 1월 1일 전 또는 후로 연속하여 3개월 이상 대구 또는 경북 지역에 거소 신고가 되어 있어야 유효한 응시자격을 인정받습니다."
167,[영주권자의 지역구분모집 응시요건] 일본 영주권을 가지고 있는 재외동포입니다. 현재 경북지역으로 거소 신고가 되어 있는데 9급공채 대구․경북 구분모집에 응시할 수 있는지요?,"공무원 채용시험에서 국적 등의 응시자격은 최종시험 시행예정일(면접시험 최종일) 기준으로 판단하는데, 귀하와 같이 외국 국적의 재외동포가 국내에 거주한다는 이유로 응시자격 판단기준일을 달리 적용하는 것은 현행 법령상 불가한 사항입니다. 공무원 채용시험을 통해 공무원으로 임용되고자 하신다면 최종시험 시행예정일까지 한국 국적을 회복하시기 바랍니다."
168,"[재외동포, 국적 회복시점] 외국 국적을 가진 재외동포로 현재 거소증을 발급받아 국내에 거주하고 있습니다. 공무원 시험에 최종합격할 경우 국적을 회복하려고 하는데, 문제가 되나요?",당해 시험의 면접시험 최종예정일 기준으로 귀화하여 한국 국적을 취득하셨다면 공무원 채용시험에 있어 국적으로 인한 응시제한은 없습니다.
169,[귀화자] 귀화자도 7급 공채 시험에 응시가 가능한지요?,당해 시험의 최종시험 시행예정일(면접시험 최종예정일)까지 한국 국적을 재취득하지 않는다면 5급 공개경쟁채용시험에 합격하더라도 공무원으로 임용될 수 없습니다.
170,[시민권자] 미국 시민권자로 5급 공채시험을 보려고 하는데 반드시 한국 국적을 재취득해야만 하나요?,"면접시험 최종예정일 기준으로 대한민국 국적을 유지하고 있고, 다른 응시 결격사유 【국가공무원법 제33조 등의 임용 결격사유에 해당하는 자, 국가공무원법 제74조(정년)에 해당하는 자, 공무원임용시험령에 의한 응시자격이 정지된 자】 등에 해당되지 않으면 영주권자라 하더라도 5급 공개경쟁채용시험의 응시자격은 유효하게 인정됩니다."
171,[영주권자] 저는 캐나다 영주권을 가지고 있는 수험생입니다. 제가 인사혁신처가 시행하는 공무원 공채시험을 보는데 응시자격 제한 사유에 해당하는지요?,"원칙적으로 대한민국 국적을 가진 자에 대하여 공무담임권이 인정되나, 국가공무원법 제26조의3 및 공무원임용령 제4조에 의해 국가안보 및 보안·기밀에 관계되는 분야를 제외하고 전문경력관, 임기제공무원 및 특수경력직 공무원으로 임용될 수 있습니다. 한편, 인사혁신처에서 실시하는 공개경쟁채용시험은 일반직 국가공무원을 선발하는 시험으로 외국인은 응시자격에 부합하지 않습니다. 다만, 면접시험 최종일까지 대한민국 국적을 취득하는 것을 전제로 공개경쟁채용시험에 응시하는 것은 가능합니다."
172,[외국인의 공무원 임용] 외국인도 인사혁신처에서 주관하는 공채시험에 응시하여 공무원으로 임용될 수 있습니까?,"국가공무원법 제33조 및 공무원임용시험령 제15조에 따라 징계로 파면처분을 받은 때부터 5년이 지나지 아니한 자는 공무원 채용시험에 응시할 수 없습니다. 이 때, 응시결격사유 해당여부 판단기준일은 최종시험 시행예정일이므로 귀하의 경우 응시결격사유에 해당하는 기간이 종료되는 시점인 2024년 8월 5일 이후에 최종시험(면접시험 최종예정일)이 예정된 시험부터 응시가 가능합니다."
173,"[응시자격 판단기준일] 제가 2019.8.5.일자로 파면처분을 받아 5년간 공무원 시험 응시자격이 제한되는데요, 2024.8.5.일 이후에 공고되는 시험부터 다시 응시가 가능한 것인지요?","공무원 임용이 제한되는 「병역법」제76조에 의한 병역의무 불이행자로는 ①병역판정검사, 재병역판정검사 또는 확인신체검사를 기피하고 있는 사람 ②징집·소집을 기피하고 있는 사람 ③군복무 및 사회복무요원 또는 대체복무요원 복무를 이탈하고 있는 사람 등이 해당됩니다."
174,[예비군 동원훈련 불참] 병역의무 불이행자는 공무원 임용이 제한된다고 들었어요. 예비군 동원훈련에 불참하여 벌금을 낸 경우도 해당되는지요?,"군 복무 전이라도 공무원 채용시험에 응시가 가능하며, 최종 합격한 경우에는 임용유예 신청을 한 이후 군 복무를 마치고 공무원으로 임용될 수 있습니다. 군 복무 중인 경우에도 공가 등 부대장의 승인 하에 공무원 채용시험에 응시할 수 있으며 군 복무 중에 합격하게 되더라도 임용유예 신청을 하고 제대 후에 임용 받을 수 있습니다."
175,"[군 미필자] 군복무를 하지 않은 경우, 공무원 시험 응시자격이 없습니까? 그리고 군복무 중에도 공무원 채용시험에 응시가 가능한지요?","일반사면은 형의 선고를 받은 자에 대하여 형의 선고의 효력을 상실시키는 것이므로 형의 선고로 인하여 정지된 자격도 당연히 회복된다고 할 것입니다. 「국가공무원법」 제33조에 의한 공무원 임용 결격자가 응시 제한기간 중에 「사면법」에 따라 일반사면을 받은 경우에는 공무원 채용시험 응시가 가능합니다. 다만, 특별사면은 일반사면과 달리 형의 선고의 효력을 상실시키는 효과가 없으며, 형의 집행만을 면제하는 것이므로 형 선고로 인한 법률상의 효과로서의 자격정지는 그대로 남게 되어 특별사면과 동시에 복권이 되어야만 공무원 채용시험에 응시할 수 있습니다."
176,"[사면법에 의한 사면] 응시결격사유에 해당되나,「사면법」에 따라 일반사면(특별사면)이 된 경우에는 공무원 채용시험에 응시가 가능합니까?","형의 선고유예는 ""자격정지 이상의 형을 받은 전과가 없는 자""로서 1년 이하의 징역이나 금고, 자격정지 또는 벌금의 형을 선고할 경우, 양형의 참작요소를 고려하여 본인의 잘못을 인정하고 깊이 반성하는 등의 사정이 현저한 때에 그 선고를 유예할 수 있게 하는 제도입니다. 임용 결격사유가 되는 선고유예 대상형벌은 징역이나 금고형이므로 자격정지의 선고유예는 임용 결격사유에 해당되지 않습니다. 「형법」 제60조에 따르면 선고유예를 받은 날로부터 2년을 경과한 때에는 면소된 것으로 간주되므로 1년 이하 징역이나 금고형의 선고유예를 받은 날로부터 2년간은 임용 결격사유에 해당됩니다. 참고로 선고유예를 할 수 있는 형의 종류는 비교적 경미하고 본인의 잘못을 인정하고 깊이 반성하는 등의 사정이 객관적으로 인정된 것이므로 형법상의 선고유예기간(2년)만 경과하면 별도의 추가적인 경과기간 없이 바로 결격사유에서 제외됩니다."
177,[선고유예기간] “금고 이상의 형의 선고유예를 받은 경우 그 선고유예기간 중에 있는 자”는 공무원 임용결격사유에 해당되는 것으로 알고 있습니다. 선고유예기간이 얼마의 기간을 말하는 것인지요?,"「국가공무원법」 제33조 각 호의 사유 중 제5호 규정의 ""금고 이상의 형의 선고유예를 받은 경우에 그 선고유예 기간 중에 있는 자""에서 ""받은 경우""란 재판의 효력이 발생한 날을 말하고, 재판의 효력은 그 판결의 내용이 확정된 날부터 발생하게 되는 것인 바, 효력의 확정시기는 ① 상소제기 등의 불복신청이 허용되는 하급심의 판결은 상소기간 등이 도과한 날에 ② 불복신청이 허용되지 않는 대법원 판결은 판결선고와 동시에 각각 확정됩니다."
178,[선고유예 형의 확정시점] 국가공무원법 제33조의 임용결격사유 중 “금고이상의 형의 선고유예를 받은 경우에...”에 있어 선고유예를 받은 경우란 구체적으로 어느 시점을 말하나요? ,"공무원 시험 응시 결격사유는 「국가공무원법」제33조 등에서 규정하고 있으며, 이에 따르면 ""파산 선고를 받고 복권되지 아니한 자""는 응시 결격사유에 해당됩니다. 그러나, 파산 선고가 아닌 단순 개인회생 절차를 밟고 계신 중이라면 이는 「국가공무원법」제33조에서 정한 응시 결격사유에 해당되지 않으므로 공무원 시험을 응시에 제한은 없습니다."
179,"[개인회생 절차, 응시 결격사유 해당여부] 사업 실패 후, 개인회생 절차를 밟고 있습니다. 이 경우 공무원 시험 응시에 제한이 있나요?","결론적으로 말씀드리면, 귀하께서는 공무원 채용시험에 응시할 수 있습니다. 「채무자 회생 및 파산에 관한 법률」제574조(당연복권) 제1항 제1호에 따르면, 파산선고를 받은 채무자는 면책의 결정이 확정된 때에 당연 복권되기 때문에 「국가공무원법」제33조 제2호의 ""파산선고를 받고 복권되지 아니한 자""에 해당되지 않습니다."
180,"[파산자로서 면책을 받은 자] 저는 지금 파산 선고 후, 면책을 받은 상태입니다. 면책을 받은 자는 공무원 시험 응시자격이 인정되는지요?","세금 체납은 「국가공무원법」제33조에서 정한 공무원 임용결격사유에 해당하지 않습니다. 그러나 국민을 위해 봉사하는 공직자가 되고자 하는 분이라면 세금체납은 없어야 한다고 판단됩니다. 공무원으로 임용된 후에라도 세금체납으로 인한 문제가 발생할 경우, 징계처분 등 신분상 불이익을 받을 수 있으므로 빠른 시일 내에 세금체납을 해결하시는 것이 좋습니다. 면접시험 시행 전에 수험생 개인의 과거사실(세금체납 사실 등)을 조사하거나, 해당 자료를 면접위원에게 제공하는 일은 없습니다."
181,[세금 체납] 세금체납이 공무원 임용 결격사유에 해당합니까? 만약 납부하더라도 기록이 남아 면접시험에서 불이익을 받을 수 있나요?,"불법체류 사유로 인하여 법원의 판결로 징역, 금고 등의 형의 선고나 선고유예를 받은 경우가 아니라면 응시 결격사유에 해당되지 않습니다. 참고로, 공무원 채용시험 응시결격사유는 「국가공무원법」제33조 등에 규정되어 있으므로 참고하시기 바랍니다."
182,[불법 체류] 제가 유학 중 경제적 어려움으로 불법체류한 경험이 있습니다. 제가 7급 시험을 준비하는데 응시 결격사유에 해당합니까?,"「국가공무원법」 제33조에 의하면 금고 이상의 형을 받고 그 형의 집행이 종료되거나 집행을 받지 아니하기로 확정된 후 5년을 경과하지 아니한 자는 공무원 시험 응시 결격사유에 해당됩니다. 형법상의 가석방 관련규정을 살펴보면, ""가석방의 처분을 받은 후 그 처분이 실효 또는 취소되지 아니하고 가석방 기간을 경과한 때에는 형의 집행을 종료한 것으로 본다.(「형법」제76조 제1항)"", 이때 가석방 기간은 ""유기형에 있어서는 남은 형기로 한다.(「형법」제73조의 2)""로 규정되어 있습니다. 위 관련규정에 따라 귀하의 경우는 가석방 처분일이 아니라 형의 집행이 종료되는 시점(남은 형기인 가석방 기간 1년이 경과되는 시점)부터 5년을 경과해야만 공무원 채용시험 응시자격이 부여됩니다. 이때, 응시 결격사유 판단기준일은 최종시험 시행예정일입니다."
183,[가석방과 응시 결격사유] 징역형을 받고 형기 1년을 남겨두고 가석방되었습니다. 그럼 가석방일로부터 5년만 경과하면 공무원 채용시험에 응시가 가능합니까?,"공무원 채용시험에서 응시 결격사유에 해당하는지 여부 판단대상은 오로지 수험생 본인에게만 한정됩니다. 따라서, 본인이 아닌 가족 등의 전과 사실로 인해 채용시험 응시자격이 제한된다거나 채용단계에서 불이익을 받는 경우는 없습니다."
184,[가족 등의 전과] 가족 중에 전과자가 있습니다. 혹시 이러한 사실로 인해 제가 면접시험이나 임용에 있어 불이익을 받을 수 있나요?,"소년(범죄행위시의 연령이 19세 미만)으로 범한 죄에 의하여 형의 선고를 받은 자가 그 집행이 종료되거나 집행의 면제를 받은 때에는 「소년법」 제67조(자격에 관한 법령의 적용)의 규정에 의하여 장래에 향하여 형의 선고를 받지 아니한 것으로 봅니다. 만약, 귀하가 이 경우에 해당하신다면 「국가공무원법」 제33조 등 인사관계 법령상의 응시 결격사유에 해당하지 않으므로 공무원 채용시험에 정상적으로 응시가 가능합니다. 참고로, 집행이 면제되는 범위에 집행유예기간 중 또는 선고유예기간 중은 포함되지 않습니다."
185,[소년범의 임용결격사유] 소년범으로 3년간 복역하고 출소를 한 지 1년밖에 안 되었습니다. 공무원이 되고 싶은데 가능한지요?,"인사혁신처 주관 채용시험의 경우, 응시 결격사유(임용 결격사유) 존부 확인을 위한 신원조사(공안기관의 신원조사, 비위면직 조회, 읍·면·동의 결격사유 조회) 등은 최종 합격자 발표 후 합격자를 대상으로 실제 임용예정부처(5급공채는 인사혁신처)에서 실시합니다. 면접시험 시행 전에 응시자 개개인의 과거사실을 조사하는 일은 절대 없으므로 면접시험 단계에서 벌금형과 같은 응시자의 개인정보는 알 수도 없고, 또 면접위원에게 이러한 정보를 제공하지도 않습니다."
186,[면접시험에서의 불이익 여부] 응시 결격사유 해당여부를 확인하는 절차는 언제 있나요? 벌금형을 받은 사실이 면접에서 불리하게 작용하지는 않나요?,"인사혁신처에서는 국가공무원채용시스템을 통해 「공무원 채용시험 지원자격 자가진단 서비스」를 제공하고 있습니다. ① 5급공채(외교관후보자 포함) ② 7급공채 ③ 9급공채 ④ 민간경력채용 등 4개 분야의 체크리스트 형식으로 구성되어 있으며, 본인이 응시하고자 하는 시험 또는 모집단위에 필요한 지원자격 등을 손쉽게 확인할 수 있도록 설계되어 있습니다. 수험생은 약 10분 정도를 투자해 응시 지원자격 충족여부 등을 스스로 진단할 수 있으며, 진단 즉시 그 결과를 확인할 수 있습니다. 또한, 수험생이 궁금해 하는 다양한 정보를 연계하여 설명하고 있으므로 이 서비스를 응시원서 접수 전에 반드시 활용하시기 바랍니다."
187,[지원자격 자가진단 서비스] 제가 9급 지역모집의 거주지 요건을 지방직과 혼동하는 바람에 필기시험 합격이 취소되었습니다. 원서접수 전에 지원자격 등을 일괄적으로 안내해주는 곳이 있었으면 좋겠습니다.,"국가직 공개경쟁채용시험에 응시하기 위해서는 관계법령 및 인사혁신처가 발표하는 「연도별 공개경쟁채용시험 계획 공고문」을 통해 응시연령, 응시 결격사유, 외국어능력검정시험 기준점수, 거주지 제한요건 및 공무원 채용 신체검사 불합격기준 등을 사전에 반드시 확인한 후 지원자격을 갖춘 시험(모집단위)에 응시원서를 제출해야 합니다. 그러나 매년 정확한 사전 확인없이 응시원서를 제출하고 시험을 보아, 합격취소 등의 불이익을 받는 수험생이 종종 발생하고 있습니다. 이러한 수험생 불이익 사례를 예방하기 위해 인사혁신처는 「공무원 채용시험 지원자격 자가진단 서비스」를 개발해 지원하고 있습니다. 국가공무원채용시스템(gongmuwon.gosi.kr)의 메인화면에서 이 서비스를 활용하시면 시험별 응시 지원 자격 등을 스스로 진단.체크할 수 있으므로 적극 활용하시기 바랍니다."
188,[공채시험 지원자격 확인] 공무원 공채시험을 처음 준비하는 수험생입니다. 제가 어떤 지원자격을 충족해야 하는지 한 번에 확인할 수 있는 곳이 없나요?,"학제통합 논술시험은 서로 다른 여러 학문 분야에 걸쳐 종합적이고 거시적인 판단력과 해결능력을 평가하기 위해 도입되었습니다. 단순한 암기위주의 지식층정이 아니라 업무기획, 문제해결, 정보관리, 정책기획 등 외교관에게 필요한 역량을 종합적으로 평가하기 위해 다양한 질문을 제시하고 이를 비교 · 분석하여 의견을 기술하도록 하고 있습니다. 국가공무원채용시스템 홈페이지에 방문하시면 [시험문제/정답> 주관식] 메뉴에서 기출문제 확인이 가능하므로 참고하시기 바랍니다."
189,[학제통합 논술시험] 학제통합 논술시험은 어떤 시험인가요?,"채용시험 과정에서 국내대학 및 해외대학 출신에 대한 구별은 없으며, 해외대학 출신도 기준점수 이상의 영어 및 제2외국어 어학능력검정시험 성적이 있어야 응시할 수 있습니다."
190,[해외대학 졸업자 성적 미제출] 외교관후보자 선발시험에서 해외대학을 졸업한 사람도 영어능력검정시험 성적이 있어야 하나요?,현행 공무원임용시험령에서 별표 3의 2에 따라 제2외국어의 기준점수(등급) 충족여부를 판단할 때 기준점수 이상의 총점을 획득함과 동시에 영역별 최저기준(과락여부)점수 이상을 획득한 경우에만 유효하게 성적을 인정받을 수 있습니다.
191,"[제2외국어 기준점수와 영역별 최저기준(과락)] JLPT(DELE) 시험의 경우, 등급별 최저기준(과락)에 해당하더라도 총점만 기준점수를 충족하면 인정되는지요?","JLPT(일본어), 신HSK(중국어), DELE(스페인어)와 같이 등급별로 구분하여 실시하는 민간어학능력검정시험의 경우, 공무원임용시험령(별표3의2)에서 정한 기준등급과 상위등급의 점수 환산이 어려운 점을 고려하여 기준등급 보다 높은 난이도의 등급은 해당 등급의 합격점 이상의 성적을 취득하면 기준점수를 충족한 것으로 봅니다. 귀하가 제시한 사례를 들어 설명드리면, 일반외교 분야의 JLPT 시험의 기준점수는 N2 150이상이지만 N1 등급에서 합격점인 100점 이상을 취득하면 기준점수(N2 150이상)를 충족한 것으로 봅니다. 더 높은 등급이라도 불합격 점수면 불인정되며, 기준 등급(N2)보다 낮은 등급(N3)은 인정되지 않습니다. * 법령에 표시되지 않은 상위등급(파란색 표시된 부분)은 위 표에 정한 기준에 따라 인정"
192,"[제2외국어 등급별 점수기준] JLPT 시험의 기준점수는 N2 150이상인데요, 제가 N1 시험에서 105점을 받았는데 일반외교 분야에 응시가 가능합니까?","공무원임용시험령 별표3의2에 따라 외국 현지에서 취득한 기준점수 이상의 어학능력검정시험 성적으로도 외교관후보자 선발시험 「일반외교」분야의 제2외국어 과목을 대체할 수 있습니다. 이 때, 어학 성적의 진위 여부 등은 해당 시험검정기관을 통해 확인하고 있으나 일부 시험의 경우는 국내 시행사에서 외국에서 취득한 성적에 대한 유효성 여부를 확인해 주지 않는 경우가 있습니다. 이런 경우에는 해당 수험생이 어학 성적의 진위여부를 증빙할 수 있는 자료를 별도 제출해야 하며 만약, 최종적으로 어학성적 확인이 안 되는 경우에는 수험생에게 불이익이 발생할 수 있습니다. 이러한 수험생 불편과 불이익이 발생하지 않도록 가급적 국내에서 시행하는 시험에 응시할 것을 권장 드립니다."
193,[외국에서 취득한 어학성적] 외국에서 취득한 어학성적으로 「일반외교」 분야 제1차시험의 제2외국어 과목을 대체할 수 있나요? 예를 들어 중국현지에서 응시한 신HSK 성적도 인정되나요?,"귀하께서 문의하신 사항은 「외무공무원임용령」 제12조제4항 및 별표2의2(아래의 응시요건 기본사항 참조)에서 정하고 있으므로 위 법령의 내용을 꼼꼼히 확인하시기 바랍니다. 아울러, 일반적인 답변이 아닌 각 사안별 구체적인 적용정보가 필요하신 경우에는 인사혁신처(공개채용2과☎044-201-8365~8367)로 언제든지 문의해 주시기 바랍니다.<외교관후보자 선발시험(지역외교·외교전문) 응시요건 기본사항> ▶ 경력의 계산 및 학위 소지 여부는 최종시험 시행예정일(2019. 8. 31.) 기준으로 판단함 ▶ 경력은 법인(외국법인 포함), ｢비영리민간단체지원법｣ 제2조의 규정에 의한 민간단체, 국제기구 또는 국제단체에 소속되어 근무하거나 연구를 수행한 경력을 의미함 - 대학조교 경력과 학위취득에 소요되는 학위과정 경력은 제외하되, 국.공립대학 및 사립대학에서의 강의 또는 연구 경력은 포함됨 ▶ 경력요건에 기재된 '관리자'는 법인(외국법인 포함), ｢비영리민간단체지원법｣ 제2조의 규정에 의한 민간단체, 국제기구 또는 국제단체의 장 또는 부서단위의 책임자(예 : 본부장, 부장, 차장, 과장, 팀장 등)로 전임 근무한 경우에 해당됨 ※ 직위명이 아닌 실질적인 관리자 역할을 수행한 경우에 한하며 이를 소명하지 못하는 경우 경력요건을 충족하지 못한 것으로 판단될 수 있음 ▶ 경력요건으로 응시하는 경우, 최종경력을 기준으로 시험공고일 현재(2019.1.2.) 퇴직 후 3년이 경과되지 아니하여야 함 ▶ 경력직 국가 또는 지방공무원이었던 사람에 대해서는 임용예정직급의 바로 하위 직급 또는 이에 상당하는 직급에서 승진소요최저연수를 초과하여 근무한 경우 그 초과근무기간의 2분의 1을 1년의 범위에서 임용예정직급에 해당하는 근무실적으로 합산할 수 있음 ▶ 학위의 경우 '관련분야'는 학위논문 또는 전공분야를 기준으로 함"
194,"[지역외교․외교전문 분야의 경력요건 해석] 지역외교, 외교전문 분야의 경력요건을 이해하는데 어려움이 많습니다. 경력 등 판단기준일, 관리자의 범위 등 구체적인 정보는 어디에서 확인할 수 있습니까?","지역외교 분야는 「외무공무원임용령」 제12조제5항에 따라 동 법령 별표2의2에서 정한 경력요건이 없더라도 「공무원임용시험령」 별표3의2에서 정한 민간 어학능력검정시험에서 기준점수(경력요건이 없는 경우) 이상의 성적을 취득하시면 응시자격이 인정됩니다. 다만, 지역외교-중동의 경우는 아랍어에 대한 민간 어학능력검정시험이 없기 때문에 「공무원임용시험령」 별표3의2에 반영되어 있지 않습니다. 이 경우에는 일단 시험을 정상적으로 응시하고 난 후에 별도의 어학검증시험에 응시하여 기준점수 이상을 획득해야 합니다. 어학검증시험의 시험일시 및 장소는 제2차시험 합격자 발표일에 국가공무원채용시스템(gongmuwon.gosi.kr)를 통해 별도 안내할 예정입니다."
195,[지역외교-아랍어] 「지역외교-중동」분야에서 경력요건이 없을 때는 성적을 획득하면 되잖아요. 아랍어는 민간 어학능력검정시험이 없는데 어떻게 준비해야 하나요?,외교전문' 분야의 응시자는 「외무공무원임용령」 별표2의2에서 정한 경력요건을 충족해야만 응시자격이 인정됩니다. 이 때의 경력요건 충족여부 판단기준일은 최종시험 시행예정일(면접시험 최종일)이므로 응시원서 접수일 또는 제1 · 2차시험 당시에는 경력요건에 미달하더라도 최종시험 시행예정일까지 경력요건을 충족하면 응시자격은 유효하게 인정됩니다. 인사혁신처는 경력요건 관련서류를 검증하여 응시자격 충족여부만을 판단할 뿐 경력사항을 점수화하여 제1 · 2차시험 성적에 합산을 하는 것은 아닙니다.
196,"[외교전문 분야, 경력요건 판단기준일] 외교전문 분야 응시에 필요한 경력요건은 언제까지 충족해야 하나요? 경력요건도 별도로 점수화하여 시험성적에 합산되나요?","외교관후보자 선발시험의 외교전문 분야 응시자는 「외무공무원임용령」 제12조제4항 및 별표2의2에서 정한 경력요건을 충족해야만 응시자격이 부여됩니다. 이 때, 경력요건 부분 중 선발모집별 '관련분야 및 관련학위는 「2019년도 국가공무원 공개경쟁채용시험 등 계획 공고」를 통해 공고한 바 있습니다. 공고문에 포함된 아래의 '선발분야별 경력요건의 관련분야 및 관련학위' 내용을 참조하시기 바랍니다."
197,"[외교전문 분야 경력요건] 외교관후보자 선발시험의 ‘외교전문’ 분야에 응시하려고 하는데, 경력요건 중 ‘관련분야, 관련학위’는 구체적으로 어떤 것인지 궁금합니다.","외교관후보자 선발시험에 응시하기 위해서는 만 20세 이상으로 「외무공무원법」 제9조에서 정한 임용 결격사유에 해당하지 않으면 원칙적으로 응시가 가능합니다. 외교관후보자 선발시험은 일반외교, 지역외교, 외교전문 등 3분야로 나누어 선발하는데, 이 중 일반외교 분야를 제외한 지역외교 및 외교전문 분야는 외교업무의 특수성 및 전문성 등을 고려하여 「외무공무원임용령」 제12제4·5항 및 별표2의2에서 정한 경력요건을 충족한 사람에게만 유효한 응시자격을 부여하고 있습니다. 다만, 지역외교 분야의 경우 관련 경력요건을 충족하지 못했더라도 「공무원임용시험령」 별표3의2에서 정한 외국어능력검정시험에서 기준점수(경력요건이 없는 경우) 이상의 성적을 가지고 있으면 예외적으로 응시자격이 인정됩니다. 보다 자세한 사항은 「공무원임용시험령」.「외무공무원임용령」 등 관계법령을 참조하시거나, 국가공무원채용시스템에 게시되어 있는「2019년도 국가공무원 공개경쟁채용시험 등 계획 공고」를 확인하시기 바랍니다."
198,[외교관후보자 선발시험 응시자격] 외교관후보자 선발시험을 보는데 필요한 응시자격 요건이 별도로 정해져 있습니까?,"외교관후보자 선발시험 중 지역외교, 외교전문 분야의 선발시험은 2018년까지는 1차 PSAT, 2차 학제통합논술 Ⅰ·Ⅱ, 3차 면접시험을 통해 선발하였으나, 2019년에는 1차 PSAT, 2차 서류전형, 3차 면접시험(1·2단계)을 통해 선발할 예정입니다."
199,"[지역외교, 외교전문 분야 선발] 2019년부터 지역외교, 외교전문 분야의 선발방식이 변경된다고 하는데 어떤 방식으로 바뀌나요?","보통 필기시험일 7일 전에 국가공무원채용시스템에 게시하는 「일시·장소 및 응시자 준수사항 공고문」에는 시험장 정보뿐만 아니라 시험실 입실시간, 일자별 시험과목(5급공채 제2차시험의 경우), 응시자 준수사항 등의 주요 정보가 포함되어 있습니다. 이 공고문상에는 수험생이 어느 하나라도 숙지하지 않으면 시험 자체를 볼 수 없는 등 큰 불이익을 받을 수 있는 내용들이 포함되어 있습니다. 실제로 시험장을 잘못 확인하여 본인 시험장이 아닌 다른 시험장으로 간다거나, 문제책이 시험실에 입실한 이후에 응시자가 시험장에 도착해 시험응시 자체가 안 되는 상황이 종종 발생하고 있습니다. 또한, 시험 도중 실수로 핸드폰을 소지하고 있다거나, 시험종료 후 답안을 추가로 마킹하는 등의 부정행위로 인해 불이익을 받는 경우가 계속해서 발생하고 있습니다. 이러한 예상치 않은 피해를 받지 않기 위해서 반드시 「일시·장소 및 응시자 준수사항 공고문」의 내용을 꼼꼼히 확인하시기 바랍니다."
200,[시험장소 공고문 내용] 시험실 입실시간이나 응시자 준수사항 등의 정보는 언제 어디에서 확인할 수 있나요?," 보통 필기시험일 7일 전에 사이버국가고시센터에 게시하는 「일시 ㆍ장소 및 응시자 준수사항 공고문」에는 시험장 정보뿐만 아니라 시험실 입실시간, 일자별 시험과목(5급공채 제2차시험의 경우), 응시자 준수사항 등의 주요 정보가 포함되어 있습니다. 이 공고문상에는 수험생이 어느 하나라도 숙지하지 않으면 시험 자체를 볼 수 없는 등 큰 불이익을 받을 수 있는 내용들이 포함되어 있습니다. 실제로 시험장을 잘못 확인하여 본인 시험장이 아닌 다른 시험장으로 간다거나, 문제책이 시험실에 입실한 이후에 응시자가 시험장에 도착해 시험응시 자체가 안 되는 상황이 종종 발생하고 있습니다. 또한, 시험 도중 실수로 핸드폰을 소지하고 있다거나, 시험종료 후 답안을 추가로 마킹하는 등의 부정행위로 인해 불이익을 받는 경우가 계속해서 발생하고 있습니다. 이러한 예상치 않은 피해를 받지 않기 위해서 반드시 「일시 ㆍ장소 및 응시자 준수사항 공고문」의 내용을 꼼꼼히 확인하시기 바랍니다. "
201,"[토요일 필기시험 시행] 국가직 시험의 필기시험은 대부분 토요일에 보던데, 앞으로도 계속 토요일에 시험을 보는 것인지요?","2010년도부터 5·7·9급 공개경쟁채용시험의 제1차시험은 원칙적으로 토요일에 시행하고 있으며,5급 공개경쟁채용시험의 제2차시험과 같이 여러 날 연속으로 실시되는 시험도 토요일을 포함하여 편성하고 있습니다.이는 주 5일제 근무 실시에 따른 국민의 휴식권 보장, 필기시험장 확보 여건 등을 종합적으로 고려하여 결정한 것입니다.다만, 시험일정 편성 시 매 연도마다의 특수한 상황을 고려해야 하므로 구체적인 일정은당해연도 1월에 발표되는 공개경쟁채용시험 계획 공고문을 확인하시기 바랍니다."
202,"[시험장소 등 공고] 시험장소 공고문은 언제, 어디서 확인하여야 합니까?"," 수험생의 구체적인 시험장소 공고일은 매년도 1월 초에 공고하는 「국가공무원 공개경쟁채용시험 등 계획공고」에 포함하여 알려드리고 있습니다. 일반적으로 제1차 필기시험은 시험시행 7일 전에, 제2차시험은 제1차시험 합격자 발표일에, 제3차시험은 제2차시험 합격자 발표일에 사이버고시센터에 「시험일시 및 장소 공고문」을 게시하고 있습니다. 본인의 시험장을 확인하기 위해서는 반드시 사이버국가고시센터(www.gosi.kr)에 게재된 공고문을 확인하셔야 합니다."
203,[다음연도 시험일정 공고시기] 원서접수가 연 초에 몰려있던데 시험 준비를 위해 다음연도 시험일정을 조금 일찍 알려줄 수 없나요?,수험생의 예측가능성 제고 및 수험 준비 편의제공 등을 위해 전년도 11월~12월에공개경쟁채용시험의 원서접수 기간 및 단계별 시험 시행일을 사전 공고하고 있습니다.
204,[시험단계 보류] 제2차시험까지 보고 군대를 가면 제3차시험은 군 제대 후 응시할 수 있습니까? ,"현행 채용시험 제도에는 시험단계를 유예하거나 보류하는 제도는 없습니다.따라서 한 해에 시행하는 제1차시험(선택형 필기시험), 제2차시험(논문형 필기시험), 제3차시험(면접시험)을 연속하여 모두 합격해야 공무원으로 임용될 수 있으며,.임용유예는 최종합격한 이후에 한하여 가능합니다."
205,"[다음 회의 시험이란?] 제가 2021년 5급공채 제3차시험에 불합격하고, 개인적 사정으로 2022년 시험을 보지 않고 2023년도 시험을 볼 때도 제1차시험이 면제되나요? 제1차시험 면제를 받으려면 동일 직렬의 동일 모집단위를 응시해야 하는지요?","2015년부터 5급 공채의 최종시험인 제3차시험에서 불합격한 사람에 대해서는 다음 회의 시험에 한하여 제1차시험이 면제됩니다.* 7급 공채의 경우 2021년 제3차시험에 불합격한 사람부터 적용공무원임용시험령 제22조 등에서 정한 ""다음 회의 시험""이란 차기년도에 시행되는 당해 시험을 의미하며이때 응시직렬· 직류와모집단위(전국 · 지역 구분모집 혹은 일반 · 장애인 구분모집 등)가 동일해야만 제1차시험을 면제 받을 수 있습니다.예를 들어, 귀하가 2022년에 5급 공채 행정직(일반행정:전국) 모집단위에응시하고 최종 제3차시험에서 탈락한경우,2023년 5급 공채 행정(일반행정:전국) 모집단위에 응시한 경우에 한하여 제1차시험을 면제 받을 수 있고행정(일반행정:지역) 모집단위 혹은 행정직(인사조직) 모집단위에 응시한 경우 제1차시험 면제를 받을 수 없습니다.또한 귀하가 개인적인 사정으로 2023년에 시행되는 시험에 응시하지 않았다면2024년에는 면제 혜택을 받을 수 없습니다."
206,[외교관후보자 선발 제1차시험 면제제도] 5급공채와 같이 외교관후보자 선발시험도 제1차시험 면제제도가 적용되나요? 그리고 국립외교원 교육과정 수료자 중 미 임용된 사람도 제1차시험을 면제 받을 수 있는 건가요?,"2015년부터 외교관후보자 선발시험(일반외교)에도 제1차시험 면제제도가 적용됩니다.외교관후보자 선발시험의 제3차시험(면접시험)에 불합격한 수험생에 대해서는 다음 회의 시험에 한하여 제1차시험이 면제되며,더불어 국립외교원법 제6조제1항에 따른 정규과정(외교관후보자 과정)을 마친 사람 중, 미임용된 사람도미임용 후 최초로 실시되는 시험에 한하여 제1차시험을 면제 받을 수 있습니다.다만, 2019년부터 외교관후보자(지역외교, 외교전문)의 제3차시험(면접시험)에 불합격한 수험생은 다음 회의 제1차시험이 면제되지 않습니다."
207,"[제1차시험 면제시 면제 대상과목] 5급공채 1차시험 면제를 받기 위해서 영어, 한국사 점수를 다시 제출해야 하나요? 덧붙여 2017년 5급 공채부터 제1차 시험에 헌법과목이 추가되었는데 면제를 받기위해 헌법과목은 응시해야 하는지 알고 싶습니다. ","현행 5급 및 7급공채시험이 응시원서 접수부터 최종합격자 발표까지 1년의 수험주기로 운영되고 있고,제3차시험(면접시험)에 불합격한 수험생의 경우 다시 제1차시험을 준비하는데 시간이 절대적으로 부족하다는 점 등을 고려하여2015년부터 5급공채, 2022년부터 7급공채제3차시험 불합격자에 대해 다음 회의 시험에 한하여 제1차시험을 면제하는 제도를 도입하였습니다.이 때 면제되는 과목은 5급 및 7급 공채 제1차시험 과목인 PSAT(언어논리 · 자료해석 · 상황판단영역) 3과목과 영어(인증시험), 한국사(인증시험), 헌법이 모두 포함됩니다.따라서 영어, 한국사 성적의 인정기간 경과와 관계없이, 전년도 제3차시험에서 불합격한 수험생의 경우 추가로 성적을 제출할 필요는 없습니다.또한 헌법과목도 면제대상에 포함되기 때문에따로 헌법시험을 응시할 필요가 없습니다.단, 제1차시험을 면제받고자 하는 경우 반드시 해당 시험의 응시원서를 제출해야 합니다."
208,"[격년단위로 선발하는 직렬, 제1차 면제자격] 제가 2022년에 5급 보호직 면접시험에 탈락하고, 2019년에 보호직 선발인원이 없다면 저는 다른 직렬을 응시해야 제1차시험 면제를 받을 수 있나요?","귀하가 2022년에 시행된 5급공채 보호직에 응시하여 제3차 면접시험에서 불합격하였다면,2023년 이후 보호직을 최초로 선발하는 시험에 한하여 제1차시험을 면제 받을 수 있습니다.귀하가 말씀하신 바와 같이 2023년에 보호직 선발인원이 없는 경우 2023년에 다른 직렬에 응시하더라도제1차시험을 면제 받을 수 없으며, 2023년 이후에 보호직을 최초로 선발하는 시험에서만 면제혜택을 받을 수 있습니다."
209,[제1차시험 성적의 효과] 5급·7급 공채 제1차시험 성적은 제2차시험에 아무런 영향을 미치지 않나요?,제1차시험 성적은 제1차시험 합격자 결정 자료로 활용될 뿐 제2차 및 제3차 시험성적 및 합격 여부에 아무런 영향을 미치지 않습니다.
210,[출제형식] 국가공무원 시험의 시험단계 및 방법 등을 알고 싶습니다.," 인사혁신처에서 주관하는 국가공무원 채용시험 관련정보는 공무원임용시험령에 규정되어 있으며, 동 규정에 의한 시험단계 및 방법, 문제유형 등은 다음과 같습니다. - 5급 및 외교관 후보자 1차 PSAT + 헌법, 2차 논술형, 3차 면접 - 7급 1차 PSAT, 2차 객관식, 3차 면접, - 9급 필기(객관식) 및 면접시험으로 구성되어 있으며, 경력경쟁시험은 응시요건 등에 따라 시험 방법이 다양하므로 해당 시험계획 공고문을 반드시 확인하여야 함"
211,[한국사 사전등록 가능여부] 영어성적은 사전등록을 통하여 성적을 확인하고 있는데 한국사능력검정시험의 경우 사전등록을 하지 않는 이유가 궁금합니다. ,"한국사능력검정시험 성적은 토익 등 영어능력검정시험과 다르게 자체 유효기간이 없어 영어와 같이 사전등록을 시행하지 않고 있으며,원서접수 시 해당 성적 정보를 입력하시면 됩니다."
212,"[한국사 성적 취득 후 개명] 개명 전 이름으로 한국사 2급성적을 취득했고, 국사편찬위에 개명된 이름으로 변경 요청했는데 처리가 안 되었어요. 응시원서 접수시 문제가 되지 않나요?","응시원서를 접수 할 때, 본인의 한국사능력검정시험 성적 인증번호와 시험일자를 그대로 등록하시기 바랍니다.귀하와 같이 개명된 응시자의 경우에는 국사편찬위원회에서 성적(등급)은 확인되나, '성명 불일치'로 조회가 됩니다.이 경우 한국사능력검정시험(www.historyexam.go.kr) 홈페이지 내 '나의 시험 정보 - 개명신청및내역'에서 개명 신청을 하신 후변경된 인증서를 우편 또는 국가공무원채용시스템으로 제출하시면 정상처리 하고 있으니 너무 염려하지 않아도 됩니다."
213,"[한국사성적 보유여부 판단 기준일] 2023년 5급 원서접수 기간이 1.28.~1.30.이고, 1차시험이 3.4.인데, 제가 만약 3.3일자로 2급 이상 한국사 성적을 취득하면 시험은 볼 수 있나요?","5급·7급 공개경쟁채용시험의 한국사 과목은 한국사능력검정시험에서 2급 이상의 성적을 취득하는 것으로 대체되고 있는데,한국사능력검정시험 성적은 제1차시험일 전날까지 발표된 성적이여야 합니다.만약 귀하가 2023년도 5급 공채제1차 시험일 전(前)일인 3.3일까지 유효한 성적을 취득하셨다면 시험응시가 가능합니다.다만 원서접수 이후, 제1차 시험일 전날까지 취득한 점수에 대해서는 추가등록기간(1차시험 시행 5일 전부터 시험 전일까지) 내에국가공무원채용시스템에서 점수(등급)를 추가등록 하셔야 됩니다."
214,"[한국사 성적 미보유자 시험응시 가능여부] 제가 한국사능력검정시험 2급 성적이 없는데, 예전처럼 한국사 시험을 보면 안 되나요?","공무원임용시험령 제7조 및 [별표 4]에 따라 5급·7급 공개경쟁채용 제1차시험의 한국사 과목은 한국사능력검정시험(2급 이상)으로 대체되었습니다.따라서, 5급·7급 공개경쟁채용시험 제1차시험에서 한국사 시험을 별도로 실시하지 않습니다."
215,"[청각장애인 듣기평가] 청각장애인은 듣기 평가가 어려운데요, 듣기 평가 부분을 제외한 성적으로 영어성적을 제출할 수 없나요?"," 인사혁신처에서는 청각장애인(2 ㆍ3급) 수험생에게 5급 공개경쟁채용시험 및 외교관후보자 선발시험, 7급 공개경쟁채용시험의 응시 기회를 제공하기 위해 청각장애인(2 ㆍ3급)에게만 적용할 영어능력검정시험의 종류와 기준점수(듣기부분 제외)를 고시하였습니다. 2ㆍ3급 청각장애인은 필기시험 전날까지 발표된 시험성적 중 듣기 부분을 제외한 성적이 위의 기준점수 이상이면 5급 공개경쟁채용시험 및 외교관후보자 선발시험 그리고 7급 공개경쟁채용시험의 영어 과목을 대체할 수 있습니다. 청각장애인용 별도 기준점수를 적용받고자 하는 자는 응시원서 접수마감일 기준으로 청각장애 2 ㆍ3급으로 유효하게 등록되어 있어야 하며 증빙서류 제출에 관한 사항은 별도로 안내합니다. "
216,[FLEX 시험성적] FLEX 시험성적에 쓰기와 말하기 영역까지 포함됩니까?,"FLEX 시험에서 '읽기'와 '듣기' 영역에서 1000점 만점 중 625점 이상을 취득하면5급, 7급(외무영사직렬은 700점 이상)공개경쟁채용시험의 영어시험을 통과한 것으로 봅니다.* 듣기(400점) + 읽기(600점) = 1000점 만점** 외교관후보자 선발시험의 (제2)외국어능력검정시험 성적도 듣기와 읽기 점수를 합산한 점수를 인정합니다. 단, 선발분야에 따라 기준점수는 750점, 850점, 950점 등으로 다르게 적용합니다.FLEX 시험의 '쓰기'(250점)와 '말하기'(250점) 영역 평가점수는 포함되지 않습니다."
217,"[G-TELP Level3] G-TELP Level3에서 65점 이상의 점수를 받았는데, 시험에 응시할 수 있습니까? GLT(등급시험)만 보면 되는거죠 ?","5급 공개경쟁채용시험 및 7급 공개경쟁채용시험에서 인정하는 G-TELP 성적은 Level2의 성적만을 인정합니다.G-TELP는 GST(구술시험), GLT(등급시험), GWT(작문시험) 등으로 구성되는데 이 중 GLT(등급시험) Level2에서평균 65점(문법, 청취, 독해 분야에서 얻은 득점의 평균점수를 말함)이상을 취득하면5급 공개경쟁채용시험 및 7급 공개경쟁채용시험에서제1차 영어과목을 패스한 것으로 봅니다.(*외교관후보자 선발시험은 88점, 7급 외무영사직렬은 77점)문의하신 Level3는 평가기준 및 영어 구사능력에 있어 Level2에 비해 하위단계이기 때문에 인정되지 않습니다."
218,"[영어과목 별도 응시 가능여부] 토익 등 영어성적이 없을 때, 제1차 필기시험에서 영어 과목을 보면 되나요?","결론부터 말씀드리면, 인사혁신처에서 시행하는 5급 공개경쟁채용시험 및 외교관후보자 선발시험, 7급 공개경쟁채용시험에서는별도로 영어 과목 시험을 실시하지 않습니다. 공무원임용시험령 제7조 및 [별표3]의 규정에 따라제1차 영어 과목은 TOEIC, TOEFL 등 민간 영어능력검정시험의 기준점수 이상의 성적으로 대체하고 있기 때문입니다."
219,[토익성적 합산방법] 5급공채(외교관후보자 선발시험)의 제1차시험 및 7급 필기시험에서 토익성적은 어떤 산식에 따라 총점에 합산되는지요?,"응시자가 취득한 토익성적이 공무원임용시험령 별표3에서 정한 기준점수 이상이면5급 공개경쟁채용시험(외교관후보자 선발시험) 제1차시험 및 7급 필기시험의 영어 과목을 '통과'한 것으로 간주하며, 성적에 합산되지는 않습니다. 귀하께서 말씀하신 것처럼 해당 토익 성적을 별도의 산식에 따라 환산하여 성적과 합산하는 것은 아닙니다."
220,"[G-TELP 수시시험] G-TELP 수시시험도 불특정 다수인을 대상으로 하고, 공인성적표가 발행되는 시험인데, 왜 인정되지 않나요?","G-TELP 수시시험은 비록 불특정 다수인을 대상으로 하고 공인성적표가 발행되는 시험이기는 하나,신규출제 방식이 아닌 기출문제를 재사용한 시험이기 때문에 공개경쟁채용시험의 공정성 차원에서 인정하지 않습니다."
221,[수시․특별시험의 영어성적] 회사에서 자체적으로 실시한 토익시험 성적으로도 시험에 응시할 수 있나요?,"5급 공개경쟁채용시험, 외교관 후보자 선발시험, 7급 공개경쟁채용시험의제1차 영어과목을 대체하는 영어능력검정시험 성적은연간 시험일정에 따라 엄격한 감독절차 하에서 시행되는 정규(정기)시험의 성적만을 인정하며,정부기관·민간회사·학교 등에서 승진·연수·입사·입학(졸업) 등의 특정 목적으로 실시하는 수시·특별시험의 성적은 인정하지 않습니다.참고로, TOEIC, TOEFL, TEPS, G-TELP, FLEX의 정규(정기)시험은 일반인, 학생 등 불특정 다수인을 대상으로매 시험마다 신규출제 방식으로 실시되는 시험으로, 공인성적표를 발행하는 시험을 말합니다."
222,"[외국에서 취득한 영어성적 인정] 필리핀에서 취득한 TOEIC 성적이 있는데요, 이 성적으로 시험에 응시할 수는 없는지요?","공개경쟁채용시험의 공정성 확보차원에서 외국에서 시행한 영어능력검정시험 성적은 출제방식(신규출제), 문제 난이도 수준 등에 있어국내에서 시행하는 시험과 유사성이 인정되는 시험의 성적만을 인정하고 있습니다.이에 따라 TOEFL 성적은 어느 국가에 관계없이 모두 인정되지만, TOEIC은 일본에서 시행한 시험의 성적만을,G-TELP는 미국에서 시행한 시험의 성적만을 인정하고 있습니다.필리핀에서 응시한 토익시험은 신규출제 방식이 아닌 기출문제를 재사용한 것으로 공정성 차원에서 불인정하고 있음을 이해하여 주시기 바랍니다."
223,[영어성적 인정기간 및 사전등록] 2017년에 취득한 토익점수가 있는데 2019년에 유효기간이 만료가 되었습니다. 2017년 토익점수를 2022년 7급 공채 시험에도 사용할 수 있는지 궁금합니다. ,"인사혁신처에서는 공채시험 내 영어 과목을 대체하는 영어성적의 유효기간을5년까지 인정하고 있습니다.다만, 자체 유효기간이 2년인 토익, 토플 등의 시험은 2년이 지나면 성적이 삭제되어 진위여부를 확인할 수 없어유효기간이 경과되기 전에 반드시 국가공무원채용시스템(gongmuwon.gosi.kr)를 통하여 사전등록하여야 합니다.사전등록하여 유효한 성적으로 확인되면 5년까지 인정됩니다.따라서, 귀하가 2020년 토익성적을 사전등록하여 유효한 것으로 확인되었다면 2025년 7급 공채시험까지 응시가 가능함을 알려드립니다.다만 유효기간 만료 전에 사전등록을 하지 않았다면 2020년 토익점수는 진위여부를 확인할 수 없기에2025년 7급 공채시험의 유효한 영어성적으로 인정되지 않습니다."
224,"[자료해석영역 문제유형] 자료해석의 경우, 단순계산 문제가 많습니다. 관리자에게 이런 계산능력이 필요합니까?","정보화 사회에서 대량으로 생산되는 자료 중에 상당한 부분이 양적자료 입니다.따라서 이런 자료를 빠르게 읽고 정확히 해석하여 필요한 자료를 직접 분석할 수 있는 능력이 관리자에게 필요합니다.PSAT에서  이런 역량이 기반이 되는 수치 자료의 처리 능력을 포함하여, 기초통계분석, 응용 계산, 수학적 추리력을 통합적으로 평가하고 있습니다."
225,"[입법고시 PSAT와 동일여부] 5급공채의 PSAT는 물론, 입법고시의 PSAT도 인사혁신처가 출제하나요? 두 시험의 문제유형은 동일합니까?","5급 공개경쟁채용시험 및 외교관후보자 선발시험 등에서 활용하는 PSAT(공직적격성평가)는 인사혁신처에서 관리하지만,입법고시의 PSAT는 국회사무처에서 관리하고 있습니다.양 기관의 PSAT 문제의 출제 취지는 동일하나, 세부적인 출제 시스템이 다르기 때문에 문제 유형 및 출제경향 등에 있어 일부 차이가 있을 수 있습니다.국가공무원채용시스템과국회 사무처 홈페이지 등에 게시되어 있는 기출문제를 통해출제경향 및 문제유형 등을 상호 비교·확인하신 후 수험준비를 하시기 바랍니다."
226,"[감사직렬의 회계학, 세무직의 회계학] 7급 시험을 볼 때 감사직렬의 회계학과 세무직렬의 회계학 시험문제가 다르나요?","동일 직급이면서 동일한 날짜에 시행되는 시험과목 중 과목명이 같은 과목은 시험문제가 같습니다. 즉, 7급 공채시험에서 감사직렬의 회계학 문제와 세무직렬의 회계학 문제는 동일한 문제입니다.마찬가지로 행정직, 세무직, 통계직 등의 경제학 과목의 문제 역시 동일한 문제입니다."
227,[시험 과목] 국가공무원 채용시험의 채용분야별 시험과목을 알고 싶습니다.,"국가직 공무원의 직급별, 직렬(류)별 채용시험 과목은 「공무원임용시험령」[별표1]에서 규정하고 있으며,국가법령정보센터 홈페이지를 통해 확인하실 수 있습니다.특히, 인사혁신처가 주관하는 5· 7· 9급 공개경쟁채용시험 및 외교관후보자 선발시험의 시험과목은매년 1월 초 국가공무원채용시스템공지사항에 게시하는 「국가공무원 공개경쟁채용시험 등 계획 공고」를 통해 확인하실 수 있습니다."
228,[교육행정직렬] 방송통신대나 교육기관에서 행정직으로 근무하려면 어떤 시험에 응시해야 하나요? ,"국·공립 대학이나 교육관련 기관에서 공무원으로 근무하기를 원하신다면 교육행정직렬을 선발하는 시험에 응시해야 합니다.국가직 교육행정직렬은 인사혁신처가 실시하는 5급 및 7·9급 공개경쟁채용시험을 통해 선발하고 있으며,최종합격자는 교육부로 임용되어 교육부 본부 및 소속기관, 국립대학 등에서 근무를 하게 됩니다.지방직 교육행정직렬은 시․도교육청별로 9급 위주로 선발시험을 시행하며, 합격자는 시·도교육청 및 초·중·고교 등에서 근무를 합니다."
229,[사회복지직렬] 9급 사회복지직 시험을 보려고 합니다. 그런데 시험계획에 사회복지직렬이 없어서 당황스럽네요.,"인사혁신처에서 주관하는 5급 공개경쟁채용시험에서는 사회복지직렬에서 일정인원을 선발하고 있으나,국가공무원 9급 공개경쟁채용시험에서는 사회복지직렬을 선발하지 않습니다. 보건복지부 등 중앙부처에서는 사회복지 정책 및 제도업무를 주로 담당하기 때문에 5급에 대한 인력수요는 있지만,9급이 담당하는 일선 현장업무는 대부분 지방자치단체가 수행하므로 중앙부처에서는 인력수요가 거의 없습니다.일반적으로 9급 사회복지직은 광역지방자치단체(시·도)에서 선발하고 있으므로귀하가 거주하고 계신 광역지방자치단체(시·도)에 채용계획을 문의하시기 바랍니다."
230,[국제통상․재경․법무행정직류] 저는 9급 국제통상직에 응시하려고 하는데 왜 선발인원이 없는 것인지요?,"9급 공개경쟁채용시험에서는 행정직렬 중 국제통상·재경·법무행정직류 등은 선발하고 있지 않습니다.중앙부처의 9급 행정직렬은 대부분 일반행정직류이며, 기타 직류는 일부 부처에만 한정되어 있고 정원규모가 적기 때문에부처별로 필요인력을 자체적으로충원하고 있습니다.다만, 5급 공개경쟁채용시험에서는 국제통상·재경·법무행정직류를 매년 일정인원 선발하고 있음을 알려드립니다."
231,[선발예정직렬 및 인원] 공채시험 선발직렬 및 인원은 언제쯤 결정되어 공고되는지요?,"공개경쟁채용시험의 선발예정직렬 및 인원은 매년 하반기에 실시하는 부처별 수요조사(예상결원 및 공채 선발예정인원 등) 결과에 따라 결정됩니다.각 부처는 년도 말 기준의 직렬별 정·현원, 휴직, 별도정원 등의 인력운영 상황 등을 토대로 다음 년도에 공개경쟁채용시험을 통해 선발할예산인력 수요를 산정해 인사혁신처에 통보합니다.인사혁신처에서는 이 수요조사 결과를 토대로 다음 년도 국가공무원 충원계획을 매년 12월 말경에 확정하고이를 '다음 년도 국가공무원 공개경쟁채용시험 계획'에 반영하여 공고하고 있습니다.따라서, 정확한 선발예정직렬 및 인원은 매년 1월에 발표되는 시험계획 공고문을 통해 확인하실 수 있습니다."
232,[인사혁신처 주관 시험정보] 인사혁신처가 시행하는 채용시험에 대한 상세한 정보는 어디에서 확인할 수 있나요?,"국가공무원채용시스템에 접속하시면 인사혁신처에서 실시하는 모든 시험계획과 채용시험 제도, 연간 채용시험 통계 및 각종 공지사항 등을언제든지 확인하실 수 있습니다.더불어, 공무원 채용시험과 관련된 의문사항이나 개선·건의사항이 있는 경우에는 국민신문고(www.epeople.go.kr)에 질의하시거나7급 및 9급 공채시험의 경우 인사혁신처 공개채용과(044-201-8247, 8248, 8250, 8251),5급 공채 및 외교관후보자선발시험의 경우 5급공채팀(044-201-8259,8262)으로 연락주시면 친절히 안내해 드리겠습니다."
233,[시험정보 확인] 국가기관에서 시행하는 공무원 채용시험 정보를 일괄 확인할 수 있는 곳이 있습니까?,"인사혁신처 나라일터 홈페이지(www.gojobs.go.kr) 의 '채용정보' 메뉴에서국가기관뿐만 아니라 지방자치단체 등에서 실시하는 공개경쟁채용시험 및 경력경쟁채용시험에 대한 정보를 모두 확인하실 수 있습니다.다만, 게재된 공고문에 대한 문의사항은 공고문에 포함되어 있는 시험실시기관의 담당부서에 직접 질의하시거나,해당기관 홈페이지를 참고하시기 바랍니다."
234,[지방직 채용시험 주관기관] 지방 공무원 시험과 관련된 사항은 어디에 문의해야 하나요?,"수험생이 지방자치단체에서 주관하는 지방공무원 채용시험에 대해 인사혁신처(공개채용1·2과)로 문의하는 경우가 자주 있습니다.그러나 광역 지방자치단체(시·도)에서 실시하는 지방공무원 채용시험은 해당 시·도청(서울특별시의 경우 서울특별시인재개발원)으로,지방교육청에서 실시하는 시험은 해당 지방교육청으로 직접 문의하셔야 정확한 정보를 얻으실 수 있습니다.참고로, 지방공무원 채용시험에 대한 정보는 「자치단체통합인터넷원서접수센터(http://local.gosi.go.kr)」에서도 확인하실 수 있습니다."
235,[교정직렬 채용기관] 6급이하 교정직 경력경쟁채용시험 실시 여부 및 시험과목 등을 알고 싶습니다.,현재 각 부처 장관이 부처별 인력 수급상황 등을 고려하여 필요시 일정한 자격요건을 갖춘 지원자를 대상으로경력경쟁채용시험을 시행하고 있습니다.이에 6급 이하 교정직 공무원 경력경쟁채용시험은 소관부처인 법무부에서 자체적으로 시행하고 있습니다.시험과목을 포함한 구체적인 시험정보는 법무부(교정기획과)로 직접 문의하시거나법무부 홈페이지에 게시된 시험계획 공고문을 확인하시기 바랍니다.
236,[보건직렬 채용기관] 인사혁신처에서는 보건직을 뽑지 않나요? 보건직렬은 주로 어느 기관에서 선발하나요? ,"인사혁신처에서는 일반적으로 全 부처에 공통적으로 정원이 있고, 정원 규모가 큰 직렬을 대상으로 공개경쟁채용시험을 시행하고 있는데귀하께서 말씀하신 보건직렬은 주로 보건복지부에만 정원이 있고 인력규모가 크지 않기 때문에대부분 보건복지부에서 자체적으로 필요인력을 충원하고 있습니다.따라서 보건직 채용정보는 보건복지부 홈페이지를 참조하시거나 해당부처 인사담당자에게 직접 문의해야만 상세한 정보를 얻을 수 있습니다.참고로 인사혁신처에서 실시하는 5급 민간경력자 일괄채용시험(경력경쟁채용시험)을 통해보건분야 민간전문가를 보건5급 또는 보건연구관으로 선발하는 경우가 있습니다.다만, 매 년도마다 보건직 전문가 선발여부 및 선발예정인원 등이 부처 요구에 따라 달라지므로 이에 대한 정보는국가공무원채용시스템 또는 나라일터 홈페이지에 게재된 공고문을 통해 확인하시기 바랍니다."
237,[인사혁신처 주관 시험] 인사혁신처에서는 5·7·9급 공개경쟁채용시험 외에 어떤 다른 시험을 정기적으로 실시하나요?,"인사혁신처는 5․7․9급 국가공무원 공개경쟁채용시험, 외교관후보자 선발시험 외에 5․ 7급 민간경력자 채용시험,중증장애인 경력경쟁채용시험, 전국 지역인재 7․9급 수습직원 선발시험 등의 시험을 추가적으로 시행하고 있습니다.채용분야 및 선발예정인원, 시험과목, 응시자격, 담당부서 등의 시험정보는 국가공무원채용시스템에 공지되어 있습니다."
238,[5·7급 민간경력자 일괄채용시험] 5급 및 7급 민간경력자 일괄채용시험을 인사혁신처에서 시행하는 이유는 무엇인가요?,"인사혁신처는 다양한 민간 현장경력을 지닌 인재들을 공직에 유치하기 위해 민간경력자 일괄채용시험을 실시하고 있습니다.예전에는 5급 공무원 경력경쟁채용시험을 각 부처별로 사정에 따라 수시로 선발함으로써국민들이 관련 시험정보를 체계적으로 파악하기 어려웠고, 선발의 공정성을 확보하는 데에도 한계가 있었습니다.또한 각 부처에서 학위 등 소위 스펙 위주로 채용하는 경향이 높아 풍부한 민간경력을 갖춘 현장 전문가를 선발하는 데에도 미흡한 면이 많았습니다.이에 인사혁신처는 2011년부터 각 부처의 수요를 받아 5급 민간경력자 일괄채용시험을 시행하고 있으며,2015년부터는 7급 민간경력자 채용시험도 각 부처의 수요를 받아 위탁 시행하고 있습니다.다만, 민간경력자 경력경쟁채용시험은 원칙적으로 각 부처에서 필요시 자체적으로 시행하는 시험이기 때문에인사혁신처가 위탁 시행하는 시험을 제외한 경력경쟁채용시험의 정보는나라일터(www.gojobs.go.kr) 또는각 부처 홈페이지의 채용공고에서 확인하실 수 있습니다."
239,[다른 공채시험 기관] 인사혁신처를 제외하고 공개경쟁채용시험을 정기적으로 실시하는 기관이 있나요?,"인사혁신처에서 주관하는 공개경쟁채용시험 외에 기상청(기상직렬), 우정사업본부(우정직렬), 국회사무처, 법원행정처, 지방자치단체(시,도) 등에서 매년 정기적으로 공개경쟁채용시험을 실시하고 있으며, 경찰, 소방, 군무원 등 특정직의 경우에도 기관별로 공개경쟁채용시험을 실시하고 있습니다."
240,[고졸자를 위한 채용시험] 특성화 고등학교 졸업(예정)자들만 대상으로 하는 공무원 시험이 있나요?,"일반적으로 고등학교 졸업을 응시요건으로 정하거나, 고등학교 졸업(예정)자에게 별도로 가산점을 부여하는공무원 채용시험(공개경쟁 및 경력경쟁시험 포함)은 없습니다.다만, 국가공무원법 제26조의4 및 공무원임용령 제22조의3에 의해 실시되는「지역인재 9급 수습직원 선발시험」은초․중등교육법 제2조제3호의 고등(기술)학교 졸업(예정)자 중 학과성적이 우수하며 학교장의 추천을 받은 자에게만 응시자격을 부여하고 있습니다.이 시험에 합격한 수습직원은 즉시 공무원으로 임용되는 것이 아니라 일정기간 수습근무(공무원이 아닌 상태로 행정기관에서공무원이 하는 일을 배우는 것)를 마치고 난 후 수습근무 성적, 자질평가 결과 등에 따라 일반직 9급으로 임용됩니다.「전국 지역인재 9급 수습직원 선발시험」에 대한 보다 자세한 사항은 국가공무원채용시스템에서 확인하시기 바랍니다."
241,[경력경쟁채용 시험과목] 각 부처별로 실시하는 9급 경력경쟁채용시험도 9급 공개경쟁채용시험과 동일한 과목으로 시험을 준비하면 됩니까?,"「공무원임용시험령」별표 1의 '각종 임용시험 과목표'를 보시면,임용예정직렬 및 직급별 공개경쟁채용 시험과목과 경력경쟁채용 시험과목이 서로 다르게 규정되어 있는 것을 확인하실 수 있습니다.다만, 경력경쟁채용시험의 경우는 시험실시기관장이 필요시 시험과목을 일부 변경하여 시행할 수 있기 때문에반드시 해당 부처(기관)에서 발표하는 채용시험 계획 공고문 및 나라일터 홈페이지(www.gojobs.go.kr)를 확인하시기 바랍니다."
242,"[중증장애인 경력경쟁채용] 중증장애인이 일반 수험생, 경증장애인과 경쟁해서 합격할 가능성이 낮아요. 중증장애인만 응시할 수 있는 시험은 없는지요?","인사혁신처가 주관하는 7급 및 9급 공개경쟁채용시험에서는 장애인만 응시 가능한 장애인 구분모집을 실시하고 있고,중증장애인의 공무원 임용기회를 확대하기 위해 중증장애인만이 응시할 수 있는 경력경쟁채용시험도 별도로 실시하고 있습니다.중중장애인 경력채용시험은 임용예정직위에서 필요로 하는 관련분야 학위, 자격증 등의 응시요건을 갖추어야만 응시자격이 인정됩니다.중증장애인 경력경쟁채용시험에 대한 자세한 정보는 국가공무원채용시스템에서 확인하시기 바랍니다."
243,"[경력경쟁채용시험 정보] 경력경쟁채용시험 시행요건, 시험절차 및 합격자 결정방식 등의 기준은 어디에서 확인할 수 있나요?","경력경쟁채용시험의 응시자격 등은 국가공무원법 제28조 및 공무원임용령 제16조에 규정되어 있으며,구체적인 시험방법 및 합격자 결정기준 등은 공무원임용시험령 제29조 및 제30조에서 정하고 있습니다.각 부처(기관)별로 시행하는 경력경쟁채용시험에 대한 구체적인 정보(선발예정직렬 및 인원, 응시자격, 시험과목, 시험방법 등)는나라일터(www.gojobs.go.kr)에서 확인하실 수 있습니다."
244,"[응시에 필요한 자격증, 구분모집 응시자격] 9급 공개경쟁채용시험에서도 자격증 소지나 거주지 제한규정을 두는 경우가 있다던데요, 어떤 경우인가요?","채용시험 종류와 관계없이 사서 ․ 수의 ․ 해양수산 ․ 의무 ․ 약무 ․ 간호 ․ 항공 ․ 시설(지적) ․ 운전 ․ 간호조무 ․ 조리직렬은응시를 위한 필수 자격증을 별도로 규정(공무원임용시험령 제18조 및 별표5)하고 있습니다.다만, 위 직렬 중 인사혁신처가 주관하는 공개경쟁채용시험에 포함된 직렬은 없습니다.아울러 시험실시기관장은 결원보충을 원활히 하기 위하여 필요하다고 인정할 때에는근무예정지역별‧근무예정기관별‧거주지별로 분리하여 실시할 수 있습니다(공무원임용시험령 제2조).따라서 9급 공개경쟁채용시험에서는 지역별 구분모집을 별도로 시행하고 있으며 해당 모집에 응시하기 위해서는일정기준의 요건(해당 시험연도의 1월1일을 포함하여 전 또는 후로 연속하여 3개월 이상 해당 지역에 주민등록이 되어 있어야 함)을 갖추고 있어야 응시자격이 인정됩니다."
245,"[채용시험의 종류] 대학 졸업예정자입니다. 공무원 시험 공고문을 보면 공개경쟁채용시험 또는 경력경쟁채용시험이 있던데, 어떤 시험을 준비하는 것이 좋은가요?","「국가공무원법」 제28조에 따라 공무원은 공개경쟁채용시험을 통해 채용합니다.국가공무원법 제33조 등에서 정한 공무원 임용결격사유에 해당하지 않으며 공무원임용시험령 제16조의 응시연령에 부합하면학력 및 경력 등에 관계없이 누구나 공개경쟁채용시험에 응시할 수 있습니다.반면, 경력경쟁채용시험은 일반적인 공개경쟁채용시험 방법으로는 충원하기 곤란한 특수 분야의 전문인력을 충원하기 위해각 부처(기관) 또는 인사혁신처가 시행하는 시험으로, 관련분야의 경력‧학위‧자격증 등의 응시요건을 갖춘 지원자에게만 응시자격을 부여합니다.귀하의 개인 요건, 각 시험의 특성 등을 고려하셔서적합한 시험을 준비하시는 것이 좋겠습니다."
246,[추가합격자 없음] 제가 응시한 직렬에는 임용포기가 발생했는데 추가합격자 가 없습니다. 추가합격자를 결정하지 않을 수도 있나요?,"정부 부처에서 결원을 보충하는 방법은 신규채용, 파견자의 복귀, 휴직자의 복직, 전년도 시험 합격자 중임용유예자의 복귀 등 다양한 방법으로 이루어집니다.따라서 각 부처에서 신규채용 이외에 다른 방법으로 결원을 보충할 수가 있어 추가합격자 수요가 없는 경우에는최종합격자의 임용포기 등이 발생하더라도 추가합격자를 결정하지 않을 수도 있습니다."
247,[5급 공개경쟁채용시험] 영어과목을 대체하는 어학능력검정시험은 어떤 것이 있나요?,"영어과목을 대체하는 영어능력검정시험 법적근거 (공무원임용시험령 제7조) 5급 공개경쟁채용시험(외교관후보자 선발시험 포함)의 제1차시험 중 영어과목을 공무원임용시험령 별표3(영어능력검정시험의 종류 및 기준점수표)에서 정한 영어능력검정시험 성적으로 대체 ※ 제1차 필기시험에서 별도로 영어 과목을 응시할 수 없음 * 영어능력검정시험의 성적 기준은 매년 공고하는 '국가공무원 공개경쟁채용시험 등 계획 공고' 참고 * 응시원서 접수마감일 현재, 청각장애 2 ㆍ3급 응시자는 듣기부분을 제외한 점수가 위 표에서 정한 기준점수 이상이면 영어과목을 대체하는 영어능력검정시험 성적으로 인정됨 영어성적 인정범위 	 최종시험 시행예정일로부터 역산하여 5년이 되는 해의 1월 1일 이후 실시된 시험으로서, 제1차시험 시행예정일 전날까지 점수가 발표된 시험 중 기준점수 이상인 경우에 한해 인정 	- 2022년의 경우, 2017.1.1.이후 국내에서 실시된 시험으로서, 제1차시험 시행예정일(2022.2.26.) 전날까지 발표된 기준점수 이상의 성적만 인정 	 외국에서 취득한 성적의 경우 TOEIC은 일본에서, G-TELP는 미국에서 응시해 취득한 기준점수 이상의 성적만 인정, TOEFL은 국가 제한 없이 기준점수 이상이면 모두 인정 	 ※ 기타 국가에서 응시한 TOEIC 및 G-TELP 성적은 기출문제를 재사용하므로 시험관리의 공정성 차원에서 인정되지 않음 	 자체 유효기간이 2년인 시험(TOEIC, TOEFL, TEPS, G-TELP)의 경우 유효기간 경과시 시행기관으로부터 성적을 조회할 수 없어 진위여부 확인이 불가함에 따라 해당 능력검정시험의 유효기간이 만료될 예정인 경우 반드시 유효기간 만료전 별도 안내하는 기간에 사이버국가고시센터(www.gosi.kr)를 통해 사전등록 해야 함 	 ※ 사전등록 하지 않고 유효기간 경과되어 진위여부 확인이 불가능한 성적은 인정되지 않음 	 해당 검정시험기관의 정규(정기)시험 성적만을 인정하고, 정부기관 ㆍ민간회사 ㆍ학교 등에서 승진 ㆍ연수 ㆍ입사 ㆍ입학(졸업) 등의 특정 목적으로 실시하는 수시 ㆍ특별시험 등은 인정되지 않음 	 ※ 정규(정기)시험은 일반인 ㆍ학생 등 불특정 다수인을 대상으로 매 시험당 신규출제방식으로 시행되는 시험으로서 공인성적표를 발행하는 시험을 말함 영어성적 등록 및 확인방법 	 응시원서 접수시, 해당 영어능력검정시험명 ㆍ등록번호 ㆍ시험일자 ㆍ점수 등 입력 	 영어성적 등록내용을 토대로 해당 시험검정기관에 시험성적 진위여부 확인 	 ※ 필요시, 성적표 원본 제출 등을 요구할 수 있음 	 외국에서 응시한 시험의 성명은 여권상의 영문성명과 일치해야 함"
248,[저소득층 응시수수료 면제] 제가 기초생활수급자인데 응시수수료 결제를 해야 하나요?,「공무원임용시험령」제35조에 따라 원서접수 당시 국민기초생활보장법에 따른 수급자 또는 차상위계층이거나한부모가족지원법에 따른 지원대상자인사람은응시수수료 납부가 면제됩니다.응시원서 접수 시에는 원서작성 화면 중에 응시자 본인이 면제 대상인지 직접 확인할 수 있는 기능이 있습니다.
249,[응시수수료 환불] 원서접수를 취소했는데 환불이 안 됐습니다.,"응시원서 접수 취소 시에는 즉시 결제취소 또는 환불하고 있습니다.만약 시스템 오류로 인하여중복결제가 되었다면취소기간 종료 후 결제대행사와 정산절차를 거쳐승인취소(카드, 휴대폰 결제) 또는 환불(계좌이체) 해드립니다. 취소기간 종료 후 통상 1주 정도가 소요되므로 참고하시기 바랍니다."
250,"[응시번호 부여] 친구와 원서접수를 같이하면, 응시번호가 연속으로 부여되어 시험장에서 앞뒤로 앉아 시험 볼 수 있나요?","인사혁신처에서 주관하는 공개경쟁채용시험은 인터넷 원서접수 방식입니다.응시번호는 원서접수 취소기간이 종료되고 출원인원이 확정된 이후에부여하고 있습니다.이때, 부정행위 방지차원에서 응시번호는무작위 배정을 하고 있으므로 설령 귀하가 친구 분과 연달아 응시원서를 접수했다 하더라도 응시번호를 연속으로 부여받을 가능성은 없습니다."
251,[응시표 출력] 응시표 출력은 언제부터 가능한가요? 혹시 응시표를 분실할 경우 재출력할 수 있나요?,"응시표 출력은 국가공무원채용시스템에 로그인한 후""마이페이지 → 원서접수내역 → 응시표 출력""에서 시험장소 공고일로 부터 시험일이 속한 연도의 말까지 언제든지 출력이 가능 합니다.[유의 사항]1.필기시험에서 사용한 응시표를면접시험에도활용할 수 있습니다.2. 이면지 사용 또는 뒷면에 낙서, 메모 등이 있으면 시험 중 소지할 수 없으며, 발견 시에는 부정행위자로 처리합니다.3. 응시번호가 기재된 응시표는시험장 좌석 확인, 특정시험의 선택과목(순서) 확인 등에 필요합니다.  다만, 시험 당일 응시표를 소지하지못했더라도 시험 응시가 가능하니 참고하시기 바랍니다."
252,"원서접수 종료 후 응시직렬, 선택과목, 응시지역 등을 수정할 수 있나요?","응시원서 접수기간에만 응시원서 입력사항을 수정할 수 있습니다.접수기간 종료 이후에는 응시직렬, 근무예정지역(지역구분 모집단위), 시험 볼 지역(응시지역), 선택과목, 장애인 응시자 편의제공 신청, 지방인재 여부 표기 등은 수정이 불가합니다.* 증명사진을 첨부하는 응시원서(공채5, 7, 9급 등)는 원서접수 취소기간까지 증명사진을 교체할 수 있습니다."
253,[접수 취소] 원서접수를 취소하려고 하는데 언제까지 가능한가요?,"원서접수 취소는 시험계획 공고로 안내하는원서접수 기간과 취소기간(통상 원서접수 마감일 + 3일), 추가취소기간(통상 시험 전주 월요일 ~ 수요일)에 취소할 수 있습니다.취소기간 및 추가취소기간이 지나면 응시번호 부여 및 시험장 임차 등의 시험집행 준비가 시작되어 취소가 불가합니다.개인 사정으로 결시하는 경우, 별도의 불이익은 없으나 납부한 응시수수료는환불 받으실 수 없습니다."
254,"[모집단위 이중접수] 모집단위별 경쟁률을 고려, 응시직렬(모집단위)을 결정하고 싶은데 원서를 복수로 낼 수 없는지요?","응시원서의 이중접수를 허용하면 허수 경쟁률의 증가로 수험생들의 심리적 부담감이 증가되고,시험장 임차 및 시험관리관 추가 차출등에 따른 예산 과다소요 등 부작용이 초래될 수 있으므로허용하지 않고 있습니다. 참고로, 국가공무원채용시스템의 시험통계/자료실 > 시험통계 메뉴에서전년도 직렬별 (모집단위별) 경쟁률 및 합격선 등을 공개하고있습니다. 해당자료를 참고하여 시험준비, 응시직렬 (모집단위)을 결정하시기 바랍니다."
255,[응시지역 변경] 제가 원서접수기간 중 선택한 응시지역을 변경할 수 있습니까?,응시원서 접수기간이라면 국가공무원채용시스템에서 응시지역을 변경할 수 있습니다.원서 접수기간 종료 이후에는 응시번호 부여 및 시험장 임차 등의 절차가 진행되므로 응시지역 변경이 불가합니다.
256,[접수기간 종료 후 추가접수] 개인사정으로 인해 접수기간을 놓쳤는데 추가접수가 가능한지요?,"원서접수 시기는 응시번호 부여, 시험장 임차 및 필기시험 시행계획 수립 등 당해 시험의 집행 준비기간을 최소한으로 고려하여 설정한 것입니다.시험일정 사전예고(전년도 11월), 시험계획 공고문(매년 1월 초) 등을 통해 수차례 공지하고 있습니다.따라서, 접수기간 이후 추가접수는 허용하고 있지 않습니다.만약, 일부 수험생에게 추가 원서접수 허용시 시험관리의 공정성에 대한 문제 제기, 원활한 시험준비 차질 등 정상적인 시험관리가 어렵게 됨을 이해해 주시기 바랍니다."
257,[필기성적 가산점 포함 점수] 7급 및 9급 필기시험 성적은 가산점이 포함된 점수인지요? ,"그렇습니다. 국가공무원채용시스템에서 확인할 수 있는 필기시험 성적은 가산점이 포함된 점수입니다.다만, 모든 가산점은 각 과목별 만점의 40퍼센트 이상 득점한 경우에 한해 적용됩니다."
258,[필기 성적 확인] 필기시험 성적을 확인하고 싶은데 어디에서 확인할 수 있습니까? ,"국가공무원채용시스템에 로그인 한 후 ""마이페이지"" > ""합격/성적 조회 "" 에서 확인하실 수 있으며, 해당 시험연도를 포함하여 2년간 조회 가능합니다.(예 : 2025년의 시험 결과는 2026.12.31.까지 조회 가능)혹시 ID나 PW를 잊어버리신 경우 아이디찾기, 비밀번호변경을 통해서로그인 하실 수 있습니다.* 임시 비밀번호 변경방법 : 마이페이지 > 개인정보 수정 > 비밀번호 변경"
259,"[추가합격 유형] 공무원 공채시험에서 추가 합격자를 결정하는 사례가 여러 번 있던데, 이해하기 쉽게 정리를 해 주세요.", 공무원 공개경쟁채용시험을 통해 정부에서 필요로 하는 인력을 안정적으로 충원하기 위해 각 시험단계별로 특수한 요건이 발생한 경우에 한하여 추가 합격자 결정 절차를 진행하고 있습니다. 이에 대한 주요 내용은 공무원임용시험령 제23조 및 25조에서 규정 하고 있으므로 해당 규정을 확인하시기 바랍니다. 
260,[면접시험 결과 공개요구] 면접위원이 평가한 평정표 자료를 확인하고 싶습니다. 제가 어떤 평가요소에서 낮은 평가를 받았는지 궁금합니다.,면접시험 위원의 평가결과(면접시험 평정표)는 「공공기관의정보공개에관한법률」 제9조제1항제5호의 규정에 따라 비공개 대상정보로 관리하고 있습니다. 면접시험 위원의 평가 행위는 고도의 전문성과 양심에 따른 재량행위로서다의적인 평가기준과 면접위원의 주관적인 판단 사이의 정합성을 따지는 것은 바람직하지 않기 때문입니다.결론적으로 면접시험 위원이 면접시험 결과에 대한 어떠한 이의제기나 쟁송 등에 휩쓸리지 않고소신껏 면접시험에 임할 수 있도록 하기 위해 면접시험 평정표는 공개하지 않음을 양해하여 주시기 바랍니다.(서울고등법원 99누 12375 참조)
261,"[면접시험] 필기시험 성적, 병역 이행여부, 공무원 재직사실 , 낮은 연령 등을 이유로 면접시험에서 불이익을 받는 경우는 없나요?","인사혁신처가 주관하는 공개경쟁채용시험의 면접시험은 면접단계에서 시험위원에게 부정적인 선입견을 줄 수 있는필기시험 성적, 연령, 출신학교, 병역이행여부, 공무원 재직사실 등의 정보를 일절 제공하지 않는 無자료(배경 블라인드) 면접방식을 기반으로 하고 있습니다.특히 출신학교, 병역이행 여부, 공무원재직사실 등의 정보는 별도로 수집하거나 관리하지도 않습니다.이러한 정보들이 공직자로서 갖추어야 할 인성이나 자질, 직무역량 등을 평가하는데 직접적인 연관성이 없기 때문입니다.따라서 위에 열거한 사실들로 인해 면접시험에서 불이익을 받는 경우는 없습니다."
262,"[합격선·합격자 결정 방법] 모집단위별 합격선 및 합격자를 결정할 때, 어떤 기준과 절차를 통해 결정되는지요?","시험별·단계별 합격자 결정기준은「공무원임용시험령」제23조 및 25조 등에서 규정하고 있으며모집단위별 세부적인 합격선 및 합격자 결정은 위 규정의 범위 안에서 모집단위별 응시자 성적분포(성적대별 동점자 수 등),최근 2~3년간의 선발예정인원 대비 필기시험 합격인원 비율, 면접시험 응시율 등을 종합적으로 고려하여 '인사혁신처 시험관리위원회'에서 심의·합니다."
263,[답안 미판독시 手채점 여부] OCR 기기가 답안을 제대로 인식하지 못하였다면 手작업으로 채점하여 성적을 인정해주시면 안 될까요?,"인사혁신처에서 주관하는 공개경쟁채용시험(외교관후보자 선발시험 포함)의선택형 필기시험은OCR스캐너에 의한 판독 결과로만 채점이 이루어집니다.만약, 개별적인 手작업 채점 요구를 받아들이게 될 경우 모든 불합격자들의 요구를 받아들여야 하는 상황에이르게 되어 종국에는 모든 답안지를 전산채점 외에 手작업을 통해 다시 채점을 해야 하는 상황을 초래할 수 있습니다.이러면 정해진 기한 내에 정상적인 채점 및 합격자 발표가 불가능해집니다.이러한 이유 때문에 手작업에 의한 채점을 실시하지 않고 있습니다."
264,[과목별 계산기 사용여부] 5급공채(기술) 제2차 과목 중 계산기를 사용할 수 있는 과목과 사용할 수 없는 과목을 알려주세요.,"현재 5급 공개경쟁채용시험(기술)의 제2차시험의 경우, 계산기 사용이 원칙적으로 허용되지만시험과목에 따라 일률적으로 허용여부가 결정되는 것이 아니라 당해 시험의 과목별 문제유형 및 난이도 등에 따라출제위원이 계산기 사용여부를 결정하게 됩니다.따라서 수험생은 응시과목 계산기 사용 여부와 관련하여 시험당일 시험감독관의 지시에 따라주시기 바랍니다.계산기를 사용할 경우에는 시험시작 전에 시험감독관의 안내에 따라 반드시 초기화(reset)를 한 상태에서사용하여야 하며, 수험생이 각종 내용을 저장한 상태에서 사용할 경우에는 부정행위자로 간주됩니다."
265,"[PSAT 자료해석영역, 계산기 사용 가능여부] PSAT 자료해석영역 시간에 계산기를 사용할 수 없나요?","5급 공개경쟁채용 제1차시험의 자료해석영역 시간에는 계산기를 사용할 수 없습니다.자료해석영역에서 수치 계산이 필요한 경우가 일부 있을 수 있으나, 이러한 계산은 자료의 추세를 판단하기 위한대략적인 계산을 요구하는 정도로 실제 문제출제 의도는 그 수치의 분석 및 해석에 관한 내용입니다.물론 계산기 사용이 제한된다는 사항을 출제위원들에게 충분히 공지하고 있습니다."
266,[법전 및 조약집 배부여부] 2차 국제법 시간에 조약집이 배부되나요? 법률과목에 모두 법전이 배부되는지와 집에서 보는 법전을 가져와도 되는지 궁금합니다.,"5급 공개경쟁채용시험(행정) 제2차시험에서 국제법 과목 시간에 법전 외에 조약집은 배부되지 않습니다.법률과목에는 모두 법전이 배부되나, 사회복지학 등 법률과목이 아닌 과목의 경우에는 별도로 법전이 배부되지 않습니다.또한 개인이 개별적으로 가져오시는 법전을 보실 수는 없습니다."
267,"[경기도 시험장] 이번 9급 시험장을 확인해 보니 과천 집에서 가까운 안양이 아니라 수원으로 배정되었던데, 배정오류 아닌가요?","경기도의 경우, 남부지역은 수원·안양·용인·성남시 등 지역에 시험장이 있고,북부지역은 의정부·양주·남양주시 등 지역에 시험장이 마련되어 있습니다.시험장과 시험장이 있는 지역은 수험생의 대중교통 접근성, 문제책 운송의 편의성 및 보안성, 시험장 시설여건 및 종전 활용사례 등 다양한 요소를 감안하여 결정하고 있습니다.현행 응시원서 접수 및 응시번호 부여 시스템상 수험생은 원서접수 시,응시지역으로 '경기도-남부', '경기도-북부 ' 중 하나를 선택할 수 있지만 남부지역 내의 어느 ○○시까지 선택할 수는 없습니다. 동일 모집단위의 응시자는 응시번호가 연속하여 배정되고 응시번호를 기준으로 시험장을 배정하기 때문에수험생 개개인의 거주지를 반영하여 시험장을 배정하는 것은 어렵다는 말씀을 드립니다.위에서 언급한 여러가지 사정을 감안하시어 시험장이 실제 거주지와 다소 멀리 배정되셨다 하더라도 너그러운 이해 부탁드립니다."
268,[시험시간 중 휴대폰 소지] 긴장한 나머지 스마트폰을 내놓지 않고 시험을 보다가 감독관에게 적발됐습니다. 이 경우도 부정행위자로 처리되나요?,공무원임용시험령 제51조제2항에 의해 당해시험이 무효 처리됩니다.여러 시험 에서 통신기기를 이용한 부정행위 사례가 증가하고 있는 추세를 감안하여 시험시간 중에허용되지 아니한 통신기기를 소지한 것만으로도 당해시험의 정지 또는 무효처분의 대상이 됩니다.만약 통신기기 등을 직접 사용하여 타인과 의사소통을 주고 받는 등의 행위가 적발된 경우에는5년간 공무원 채용시험의 응시자격이 정지됩니다.앞으로는 이와 같은 불이익을 받지 않도록 시험시작 전에 시험감독관의 지시에 따라통신기기의 전원을 차단한 후 시험실 전면으로 내놓으시기 바랍니다.
269,[무효처분의 효력] 시험종료 후 답안 작성을 이유로 해당 시험 무효통보를 받았습니다. 앞으로 5년간 공무원 시험을 볼 수 없는 건가요?,"귀하께서 받은 시험의 무효처분은 당해시험에 한해 무효일 뿐 향후 5년간 공무원 채용시험의 응시자격을 제한하는 처분이 아니므로 너무 염려하지 않으셔도 됩니다. 참고로 5년간 자격정지의 대상이 되는 부정행위는 대리응시, 전자기기를 활용한 의사소통행위, 부정한 자료를가지고 있거나 이용하는 행위 등으로 「공무원임용시험령」 제51조 제1항에서 규정하고 있습니다."
270,[시험종료 후 답안 작성] 시험종료 후 약 10 초간 답안지를 더 작성하다가 시험감독관 지시에 따라 자술서를 작성했습니다 . 그럼 저는 어떠한 처분을 받게 됩니까?,"인사혁신처 주관 공개경쟁채용시험은 1~2문제로 합격의 당락이 결정되는, 경쟁이 치열한 시험입니다.특정 수험생이 시험시간 종료 후에도 답안을 계속하여 작성하는 행위는 시험의 공정성을 해하는 불공정행위로 불이익 처분이 불가피합니다.이러한 사항은 필기시험 시행 7일 전에 발표하는 ""시험일시 및 장소 공고문""과 답안지 뒷면의 ""응시자 준수사항 등을 통해 공지한 바 있습니다.인사혁신처에서는 수험생이 직접 작성한 자술서와 시험감독관이 작성한 확인서를 근거로 사실관계를 확인한 후「공무원임용시험령」 제51조제2항에 따라 당해시험의 무효처분을 하게 됩니다."
271,[시험 전 개명] 필기시험 이틀 전에 개명이 되었어요. 시험장에서 어떻게 본인 확인을 받나요?,"먼저, 개명 전의 신분증으로 신분확인을 받고 시험에 응시하시는 방법이 있습니다.이후 인사혁신처로 연락하신 후 개명 전후의 성명 확인이 가능한 주민등록초본 등을 제출하시면 됩니다.만약, 개명 전의 신분증이 없으시다면 개명 사실이 확인 가능한 주민등록초본 또는 법원 판결문을 지참하여 시험장에 오시고 시험 중 본인확인 시간에 신분증과 증빙서류를시험감독관에게 보여주시기 바랍니다."
272,[응시표 미지참] 응시표를 분실했습니다. 시험을 볼 수 없나요?,"응시표를 분실했더라도 시험응시가 가능하지만 응시표가 없을 경우 본인의 시험장 및 시험실 좌석을 확인하는데 어려움이 있고, 9급공채의 경우행정직군의 선택과목명 등을 알 수 없으므로 가급적 응시표를 재출력 · 지참하신 상태에서 시험장에 오시기 바랍니다.응시표는 시험일이 속한 연도의 말까지 언제든지 다시 출력할 수 있습니다."
273,"[답안지의 제1~5과목 표기 순서] 9급공채 행정직 답안지를 작성할 때, 과목순서(제1~5과목)는 어떻게 되나요?","2022년부터 9급 공채 선택과목이 폐지됨에 따라 제1~5과목을 문제책 과목 순서대로 작성하시면 됩니다.수험생이 답안 마킹시 문제책 과목순이 아닌순서를 바꾸어 표기하여도, 문제책 순서대로 채점이 되므로 착오 없으시기 바랍니다."
274,"[귀마개 사용] 필기시험을 볼 때, 스펀지로 된 귀마개는 사용 가능하나요?","인사혁신처에서 주관하는 공개경쟁채용시험에서는 스펀지 형태로 된 귀마개 사용이 가능합니다. 다만, 시험 당일 시험감독관이 해당 귀마개가 통신기능이 장착된 제품인지 등을 확인하는 절차가 있습니다.다만,귀마개 착용으로시험감독관의 종료시간 예고, 종료 알림벨 등을 듣지 못해 발생되는 문제는본인의 귀책사유이므로 유의하시기 바랍니다."
275,"[수정테이프 제공여부] 시험당일, 수정테이프를 본인이 가져와야 하나요? 만약 안 가져온 경우 시험본부에서 제공해 주는 건가요?",수험생 본인이 정품 수정테이프를 구입하여 시험장에 가져오셔야 합니다.시험장 시험본부 및 시험감독관이 수정테이프를 개별적으로 제공하지는 않습니다.또한 시험시간 중에 옆 좌석의 수험생에게 수정테이프를 빌려서 사용하는 것도 다른 수험생에게 피해를 줄 수 있기 때문에 허용되지 않습니다. *응시자 간에 수정테이프를 상호 주고 받을 경우 부정행위로 처리됩니다.
276,"[수정액, 수정스티커 사용금지] 답안을 수정할 때 수정액이나 수정스티커의 사용도 가능합니까?","답안을 잘못 표기했을 경우에는 답안지를 교체하여 사용하거나 수정테이프를 활용하여 답안을 수정할 수 있습니다.이 때 답안의 수정은 오로지 수정테이프로만 해야 하며, 수정액과 수정스티커는 절대 사용할 수 없습니다.수정액 사용 후 마르지 않은 채로 답안지를 제출하거나 수정스티커를 불완전하게 부착한 경우,본인뿐 아니라 다른 수험생의 답안지에도 영향을 미칠 수 있고 OCR기기에 의한 판독과정에서기계결함을 일으킬 수 있기 때문에 수정액과 수정스티커는 엄격히 사용을 제한하고 있습니다."
277,"[답안 수정방법] 답안을 표기하다가 실수를 해서 수정을 하고 싶은데, 반드시 새로운 답안지를 받아서 재작성해야 하나요?","2014년부터는 수험생의 응시부담 완화를 위해 수정테이프(수정액, 수정스티커는 사용 불가)를 사용해답안을 수정할 수 있도록 개선하였습니다.다만, 불량 수정테이프 제품 사용과 불완전한 수정 처리로 인해 발생하는 모든 문제는 전적으로 수험생 책임이므로반드시 정품 수정테이프를 사용하시고, 수정테이프가 떨어지지 않도록 사용 후 손으로 다시 한번 꾹 눌러주시기 바랍니다."
278,"[잘못된 답안 표기] 답안지 작성시간이 부족하여 답안마킹을 점으로만 살짝 찍었는데, 이러면 OCR기기가 인식을 하지 못하나요?","인사혁신처에서 주관하는 모든 공개경쟁채용시험의선택형 필기시험은OCR(이미지스캐너)기기에 의한 판독 결과로만 채점이 됩니다.수험생은 인사혁신처에서 공고하는 ""응시자 준수사항""에 따라 답안을 올바르게 표기해야 하고, 잘못된 방식으로 답안을 마킹 하는 경우에는정상적으로 판독되지 않을 수 있습니다.이는전적으로 수험생의 귀책사유에 해당하여 불이익을 감수하셔야 합니다.앞으로는 적절한 시간배분을 통해 답안 표기에 주의를 기울여 주시기 바랍니다."
279,[적색펜 등 예비마킹 절대 금지] 선택형 답안지에 적색펜이나 연필로 예비마킹을 한 후에 컴퓨터용 흑색사인펜으로 답안을 작성해도 되나요?,"2014년부터 모든 공개경쟁채용시험 선택형 필기시험의 채점은OCR(이미지 스캐너)기기에 의한 판독결과에 의해서만 처리됩니다.OCR기기로는 연필, 형광펜, 적색펜 등 펜의 종류와 색깔에 관계없이 모두 판독될 가능성이 높으므로예비마킹으로 인한 불이익(더블마킹으로 해당 문항 무효처리)을 받지 않기 위해서는 반드시 컴퓨터용 흑색 사인펜 만을 사용하여 답안을 작성해야 합니다."
280,[자격증 소지여부 판단시점] 응시원서 접수일 기준으로 자격증을 취득해야만 자격증 가산점을 받을 수 있는 것인지요?,"6급이하 채용시험에서 자격증 가산점을 적용받기 위해서는응시원서 접수일이 아니라 필기시험(7급은 2차시험)전일까지 가산점 적용요건을 충족하시면 됩니다.이어 필기시험일(7급은 2차시험일)을 포함하여 3일 이내(마지막 날은 21시까지)에 국가공무원채용시스템(gongmuwon.gosi.kr)에 접속하여본인이 소지하고 있는 자격증명과 해당 가산비율을 입력해야 채점과정에서 가산점이 반영됩니다.참고로, 7급 공채시험의 경우1차시험일 포함 3일 이내에 취업지원대상자 가점을 입력하니 혼동하지 않도록 주의하시기 바랍니다."
281,"[장애인 편의지원 신청] 확대답안지, 시험시간 연장 등의 편의지원을 받고 싶은데 신청절차가 어떻게 되나요?","편의지원 사전신청 기간 또는 응시원서 접수 기간 중에 귀하의 장애 종류 및 등급·정도 등의 기본정보를 입력한 후 제1차 필기시험에서 필요로 하는 편의지원 서비스를 신청하시면 됩니다.제2차(논문형)시험 및 제3차(면접)시험에서의 편의지원 서비스는 제1차 및 제2차시험 합격자 발표일에 안내하는 기간 내에 국가공무원채용시스템을통해 신청할 수 있습니다. 일반적으로는 추가 서류제출은 없습니다. 다만,뇌병변 장애정도가 심하지 않은 사람 또는 시각장애를 가지고 있는 사람 중시험시간 연장을 위해 진단서가 필요한 사람이시험시간 연장조치를 신청한 경우 등과 같이 일부 특수한 경우에는 종합병원에서 발급한 의사진단서를 제출해야 하는 절차가 있습니다.이 경우, 제출하신 의사진단서를 토대로 신청하신 편의지원 서비스 제공여부를 결정한 후 그 결과를 통보해 드립니다.장애인 유형별 편의지원 내용 및 제출서류 등은 국가공무원채용시스템에 공지된 자료를 참조하시기 바랍니다."
282,[과거의 병력] 군 복무중 정신질환으로 의병제대 또는 특정질병으로 군면제 판정을 받은 경우도 신체검사 불합격기준에 해당되는지요?,"공무원 채용 신체검사는 과거에 어떤 특정 질환을 가지고 계신 분들에게 어떤 불이익을 주기 위한 것이 아니라,공무원으로 임용될 당시 정상적인 업무수행이 가능한 신체 조건을 가지고 있는지를 확인하기 위한 절차입니다.따라서 귀하가 공무원 채용 신체검사에서 불합격 판정을 받지 않았다면 과거에 특정 질환으로 인해 의병제대를 했거나,군 면제 판정을 받은 사실이 있더라도 공무원 임용에는 아무런 영향을 미치지 않습니다."
283,[장애인에 대한 특례] 저는 청각장애 3급으로 현행규정상 신체검사 불합격 대상자입니다. 제 경우는 시험을 합격해도 공무원이 될 수 없나요?,"공무원채용신체검사는 「공무원채용신체검사규정」별표의 불합격 판정기준을 토대로 실시되며, 합격 판정을 받아야 공무원으로 임용될 수 있습니다.다만 동 법령 제5조에 따라 「장애인복지법」 제2조에 따른 장애인은 신체검사 결과 불합격 판정기준에 해당하더라도 담당의사의 소견상 직무수행에 지장이 없다고 인정될 경우에는 공무원으로 임용이 가능합니다. "
284,[검사기관] 신체검사 기관이 별도로 지정되어 있습니까? 보건소에서도 신체검사가 가능한지요?,"공무원 채용 신체검사는 「건강검진기본법」 제14조에 따라 일반검진기관으로 지정받은 의료기관 및 보건소에서 신체검사를 받을 수 있습니다,다만, 의료인력 및 장비 등에 따라 공무원 채용 신체검사를 실시하지 않는 곳도 있으므로 유선상으로 사전 문의하신 후 방문하시기 바랍니다."
285,[조현병] 조현병이라는 정신질환을 앓고 있어요. 상태가 많이 호전되었구요. 제 경우가 공무원 임용 제한대상에 포함되나요?,"공무원으로 임용되기 위해서는 공무원 시험에 최종합격 후 임용 전에「공무원채용신체검사규정」에 따른 신체검사를실시해야 하며,신체검사 불합격 판정을 받는 경우 공무원으로 임용될 수 없습니다.한편  정신계통에 대한 불합격 판정 기준은 ""업무수행에 큰 지장이 있는지 여부 에 따른 것으로, 특정 병명에 따라 결정되는 것은 아닙니다. 따라서 채용 신체검사 시 담당 의사가  담당예정직무 등을 고려하여 업무수행에 큰 지장이 있는지 여부를 판단 후 합격 여부를 최종 결정합니다."
286,[결핵 환자] 결핵은 신체검사 규정상 불합격 판정기준에 해당하나요? 해당된다면 무조건 공무원이 될 수 없는 건가요?,"공무원 신체검사는 특정 질환을 기준으로 합격/불합격이 결정되는 것이 아니라, 업무 수행에 큰 지장이 있는지 여부에 대한 담당 의사의 판정에 따라 결정됩니다,따라서 결핵은 신체검사 시 당연 불합격 기준에 해당하지 않습니다."
287,[B 형 간염 보균자] B 형 간염 보균자는 공무원으로 임용이 제한되나요 ?,"공무원 신체검사는 특정 질환을 기준으로 합격/불합격이 결정되는 것이 아니라, 업무 수행에 큰 지장이 있는 지 여부에 대해 담당 의사의 판정에 따라 결정됩니다.따라서 B형 간염 바이러스 보유만으로 신체검사에서 불합격 판정을 하는 것은 아닙니다."
288,[영어성적 사전등록 방법 및 기간] 영어성적(외국어 포함)을 사전등록 하고 싶은데 언제부터 할 수 있는지 알려주세요.,"영어성적(외국어 포함)은 국가공무원채용시스템-마이페이지-영어/외국어성적 사전등록 메뉴에서 사전등록 할 수 있습니다.매월 초 10일 동안 사전등록이 가능하므로 성적 유효기간이 지나기 전에 차질 없이 등록해주시기 바랍니다.* 토익(TOEIC), 텝스(TEPS), 지텔프(G-TELP), 스널트(SNULT), JPT(일본어)는 성적유효기간 내 국가공무원채용시스템사이트를 통해상시등록 가능합니다.* 사용자의 응시일자, 수험번호 등을 잘못 기재하여 성적이 확인되지 않을 경우, 수정기간 후 1회에 한하여 추가 조회합니다.사용자는 ""등록내역/조회결과 확인""에서 등록 마감 이후부터 성적이 유효하게 조회되었는지 수시로 확인하시기 바랍니다."
289,영어능력검정시험의 인정기준 및 영어성적표 제출방법은?,"5급 및 외교관후보자 선발시험, 7급 공채시험의 영어과목을 대체하는 영어능력검정시험 성적은면접시험 최종일로부터 역산하여 5년이 되는 해의 1월 1일 이후에 실시된 시험의 성적만 인정됩니다.즉 2025년도 공채시험에 응시하는 경우,2020년 1월 1일 이후에 실시된 시험이여야 하고,제1차시험 '전날'까지 점수(등급)가 발표된 성적이어야 합니다.또한, 공고문에서 안내해드린 기준점수 이상의 성적만 인정됩니다.([시험공고/공지사항]-'2025년도 국가공무원 공개경쟁채용시험 등 계획공고' 참고)다만, 자체 유효기간이 2년인 시험(토익, 토플, 텝스 등)의 경우에는 유효기간이 경과되면시행기관으로부터 성적을 조회 할 수 없어 진위여부가 확인되지 않습니다.따라서 영어능력검정시험의 유효기간이 만료될 예정인 경우,'사전등록' 제도를 통해 유효기간을 5년(5년이 되는 해의 말일)까지 연장해두셔야 합니다.('사전등록'은 통합채용포털에서 진행할 수 있습니다.)아울러 원서접수 시에는 영어능력검정시험 성적이 없어도 원서접수가 가능하지만, 원서접수 후 제1차시험 전날까지 발표되는 성적은국가공무원채용시스템(gongmuwon.gosi.kr)을 통해 반드시 사전등록을 해야 합니다.응시자가입력한 시험명, 시험일자, 점수 및 등록번호 등을근거로인사혁신처에서 직접 해당 시험검정기관에 성적의 유효성을 조회·확인하기 때문에 별도로 성적표를 제출할 필요는 없지만,조회가 불가능한 경우에는 소명 공고를 통해 성적표 제출을 요청할 수도 있으니 참고해 주시기 바랍니다."
